Country,Country Code,Indicator Name,Indicator Code,1960,1961,1962,1963,1964,1965,1966,1967,1968,1969,1970,1971,1972,1973,1974,1975,1976,1977,1978,1979,1980,1981,1982,1983,1984,1985,1986,1987,1988,1989,1990,1991,1992,1993,1994,1995,1996,1997,1998,1999,2000,2001,2002,2003,2004,2005,2006,2007,2008,2009,2010,2011,2012,2013,2014,2015,2016,2017,2018,2019,2020
Aruba,ABW,"GNI per capita, Atlas method (current US$)",NY.GNP.PCAP.CD,,,,,,,,,,,,,,,,,,,,,,,,,,,,,10360,11760,12230,13190,13990,14620,15640,16230,16370,17220,17620,17880,20000,19170,17890,20070,22630,19200,23340,21680,25510,23770,22380,22450,23520,24510,25350,26560,26840,27120,,,
Africa Eastern and Southern,AFE,"GNI per capita, Atlas method (current US$)",NY.GNP.PCAP.CD,,,123.9057804,129.6448414,135.5827449,145.1522984,152.2289913,163.7995802,173.9139654,187.0241894,202.4000532,217.969971,230.8182477,273.1328233,342.5252645,394.3228811,390.9407968,385.2758687,405.7208324,476.1375179,585.372121,657.8838046,630.1528324,571.0797988,542.7878243,488.6623376,494.551105,563.6304426,636.9469371,660.091131,641.4268718,665.2833093,666.6628386,667.7585136,664.4495377,692.7837298,702.2732859,705.1965042,652.1497647,632.3791923,627.8298988,601.1982474,585.9652005,628.5716767,762.0196255,949.0409326,1065.399825,1172.515492,1259.856397,1292.250607,1376.261788,1483.497868,1604.995373,1640.075883,1630.757205,1536.858439,1436.930421,1409.976401,1457.251834,1489.281834,1364.796122
Afghanistan,AFG,"GNI per capita, Atlas method (current US$)",NY.GNP.PCAP.CD,,,,,,,,,,,,,,,,,,,,,,,,,,,,,,,,,,,,,,,,,,,,,,,,,,450,510,530,630,660,630,600,550,530,520,530,500
Africa Western and Central,AFW,"GNI per capita, Atlas method (current US$)",NY.GNP.PCAP.CD,,,113.6857818,122.1547938,128.2138181,133.1583809,136.0796727,128.7962393,130.4206694,143.0375358,170.4692389,179.0074705,192.9124499,216.3005307,300.8453703,358.2240739,422.6498363,455.2430638,478.7489463,558.9297349,646.038123,762.9669529,876.4970772,925.2097868,757.9290965,685.7844731,623.0374376,614.8715198,630.1594573,563.5811021,556.0796956,541.6294114,552.7207823,470.0617471,413.4203061,404.0487248,435.0601229,468.2409785,461.1393112,462.9298424,453.4723425,477.847269,522.3490865,583.6460596,710.060559,839.5918277,1027.109089,1194.590498,1439.132696,1506.790108,1563.742188,1598.979106,1769.950384,1927.136758,2063.233058,1980.286934,1765.504965,1607.270345,1607.913553,1665.502191,1646.334568
Angola,AGO,"GNI per capita, Atlas method (current US$)",NY.GNP.PCAP.CD,,,,,,,,,,,,,,,,,,,,,,,,,,590,680,670,650,860,780,1380,1170,,330,440,320,450,410,330,360,390,590,710,1010,1370,1810,2460,3030,3170,3230,3410,4170,4780,5010,4520,3770,3450,3210,2970,2230
Albania,ALB,"GNI per capita, Atlas method (current US$)",NY.GNP.PCAP.CD,,,,,,,,,,,,,,,,,,,,,,,,,,,700,730,730,760,650,410,280,320,380,640,890,800,860,950,1100,1280,1370,1650,2100,2620,3050,3460,4030,4280,4360,4410,4360,4540,4540,4390,4320,4290,4860,5220,5210
Andorra,AND,"GNI per capita, Atlas method (current US$)",NY.GNP.PCAP.CD,,,,,,,,,,,,,,,,,,,,,,,,,,,,,,,,,,,,,,,,,,,,,,,,,,,,,,,,,,,,,
Arab World,ARB,"GNI per capita, Atlas method (current US$)",NY.GNP.PCAP.CD,,,,,,,,,,,,,,,,,,,,,,,,,,,,,,,2782.959678,2056.818719,2107.035057,2016.774755,2001.461868,2044.371718,2159.235132,2258.240267,2277.527887,2290.327607,2440.774112,2539.406173,2487.3134,2636.985907,3061.373714,3493.153687,4027.919097,4628.136611,5438.774656,5509.57324,5793.111243,6046.639219,6977.869435,7479.469044,7518.779352,7014.562843,6546.913802,6061.756126,6266.488393,6490.093137,6084.331515
United Arab Emirates,ARE,"GNI per capita, Atlas method (current US$)",NY.GNP.PCAP.CD,,,,,,,,,,,,,,,,,,,,,,,,,,,,,,,,,,,,,,,,,31400,31970,30940,32780,36160,37500,39380,39590,39910,35000,33400,35030,39220,42840,44330,42860,40570,39290,41470,43470,
Argentina,ARG,"GNI per capita, Atlas method (current US$)",NY.GNP.PCAP.CD,,,,,1120,1230,1350,1240,1210,1300,1320,1470,1470,1820,2470,2720,2360,2220,2190,2630,2910,2820,2670,2870,2830,2700,3020,3590,3960,2930,3190,3860,6070,7120,7620,7360,7740,8150,8030,7580,7470,7000,4040,3650,3370,4260,5480,6510,7670,7790,9270,10710,11870,12840,12330,12570,12220,13140,12370,11130,8930
Armenia,ARM,"GNI per capita, Atlas method (current US$)",NY.GNP.PCAP.CD,,,,,,,,,,,,,,,,,,,,,,,,,,,,,,,,,310,360,400,470,520,560,590,610,660,710,800,960,1180,1540,2020,2760,3600,3340,3470,3530,3880,4110,4140,4010,3760,3950,4250,4680,4220
American Samoa,ASM,"GNI per capita, Atlas method (current US$)",NY.GNP.PCAP.CD,,,,,,,,,,,,,,,,,,,,,,,,,,,,,,,,,,,,,,,,,,,,,,,,,,,,,,,,,,,,,
Antigua and Barbuda,ATG,"GNI per capita, Atlas method (current US$)",NY.GNP.PCAP.CD,,,,,,,,,,,,,,,,,,,,1740,2180,2430,2470,2690,3170,3610,3970,4880,6040,6450,6820,7230,7470,7960,8450,8140,8700,9080,9270,9610,10100,9850,9660,10530,11450,12420,13810,15090,15250,13600,12690,12370,12780,12620,12760,12850,13580,14320,15880,16160,14250
Australia,AUS,"GNI per capita, Atlas method (current US$)",NY.GNP.PCAP.CD,,,1870,1970,2100,2270,2340,2530,2730,2970,3270,3470,3880,4640,5940,7210,7850,8070,8460,9580,10810,11850,12060,11570,12010,11990,12290,12530,14100,15560,17300,18190,18500,18860,18830,19250,20440,21900,21740,21430,21120,20110,19990,21120,25480,30310,34090,37300,42330,44050,46630,50320,60210,66020,65150,60500,54140,51560,53190,55100,53730
Austria,AUT,"GNI per capita, Atlas method (current US$)",NY.GNP.PCAP.CD,,,1060,1140,1240,1340,1470,1560,1680,1850,2070,2320,2760,3580,4650,5540,5980,6660,7540,9620,11460,11180,10380,9600,9270,9360,10820,13810,18070,19300,20630,21810,24520,24870,26140,28190,30090,29560,27970,27080,26790,25290,24970,28020,33750,38720,41460,44510,49110,49000,49610,50590,50060,50700,50370,47450,46200,45030,49030,51390,
Azerbaijan,AZE,"GNI per capita, Atlas method (current US$)",NY.GNP.PCAP.CD,,,,,,,,,,,,,,,,,,,,,,,,,,,,,,,,,,,80,180,240,410,510,570,610,650,710,810,940,1270,1900,2710,3870,4790,5370,5460,6410,7410,7690,6570,4760,4090,4060,4490,4450
Burundi,BDI,"GNI per capita, Atlas method (current US$)",NY.GNP.PCAP.CD,,,70,80,80,70,60,50,50,50,70,70,70,80,100,110,120,140,150,180,220,250,240,230,220,240,250,260,250,230,220,220,210,180,160,150,140,150,150,140,130,130,130,120,120,140,150,170,190,200,220,230,250,260,260,260,270,280,280,280,270
Belgium,BEL,"GNI per capita, Atlas method (current US$)",NY.GNP.PCAP.CD,,,1450,1530,1670,1800,1950,2100,2270,2510,2790,3080,3640,4690,6000,6910,7580,8220,9560,11730,13980,13190,11180,9430,8860,8820,10170,13090,17010,18030,19310,20580,23170,23410,25090,27070,28550,28450,26530,25980,25860,24430,24000,27030,32810,37730,39900,42700,46470,46840,46950,46400,47100,47880,47800,45540,43360,42460,46060,47960,
Benin,BEN,"GNI per capita, Atlas method (current US$)",NY.GNP.PCAP.CD,,,90,100,110,110,110,120,120,120,120,120,130,160,190,200,210,230,250,310,390,410,360,290,270,260,270,310,360,340,370,380,370,380,330,360,350,380,370,410,480,530,530,600,730,820,860,920,1030,1090,1080,1090,1120,1220,1270,1180,1110,1090,1200,1250,1280
Burkina Faso,BFA,"GNI per capita, Atlas method (current US$)",NY.GNP.PCAP.CD,,,80,80,80,80,80,90,90,90,90,90,90,110,140,160,170,170,200,250,300,300,280,240,210,210,240,270,330,330,330,360,370,360,280,250,250,250,250,270,270,280,270,320,390,460,490,510,570,610,650,680,730,770,760,700,680,670,750,780,790
Bangladesh,BGD,"GNI per capita, Atlas method (current US$)",NY.GNP.PCAP.CD,,,,,,,,,,,,,,120,160,210,200,170,170,190,230,260,250,230,220,230,250,280,290,300,320,320,330,320,320,340,370,400,420,420,440,440,440,460,510,550,570,610,660,730,800,890,970,1040,1110,1220,1370,1520,1750,1940,2010
Bulgaria,BGR,"GNI per capita, Atlas method (current US$)",NY.GNP.PCAP.CD,,,,,,,,,,,,,,,,,,,,,,,2360,2090,2010,1950,2190,2720,3110,2830,2250,1620,1430,1250,1240,1520,1590,1460,1440,1480,1660,1770,1970,2370,3060,3800,4300,4810,6070,6670,6940,7220,7440,7590,7740,7450,7430,7640,8560,9570,9540
Bahrain,BHR,"GNI per capita, Atlas method (current US$)",NY.GNP.PCAP.CD,,,,,,,,,,,,,,,,,,,,,,,8520,9150,9310,7900,7230,7700,7800,7660,9070,9800,9890,10030,9680,10380,10790,10310,10070,9870,10940,11500,12060,12940,14570,16550,17890,19660,20860,18830,18970,18160,22010,23790,24070,22580,21570,21250,21910,22170,
"Bahamas, The",BHS,"GNI per capita, Atlas method (current US$)",NY.GNP.PCAP.CD,,,1550,1650,1760,1900,2040,2230,2450,2760,2920,3110,3190,3740,3840,4640,3120,3360,3720,5200,6050,5790,6360,6640,7700,8510,9400,10800,11710,12440,11870,11330,11550,11310,11600,14260,15930,15180,16810,24150,26360,26560,27190,27770,29270,30570,30760,31090,30960,29010,28370,28030,29020,28440,28000,28400,29210,30900,31990,33460,27780
Bosnia and Herzegovina,BIH,"GNI per capita, Atlas method (current US$)",NY.GNP.PCAP.CD,,,,,,,,,,,,,,,,,,,,,,,,,,,,,,,,,,,,,760,1010,1330,1400,1490,1600,1770,2040,2590,3180,3510,3920,4730,4970,4960,5010,4990,5270,5300,5210,5130,5120,5750,6180,6090
Belarus,BLR,"GNI per capita, Atlas method (current US$)",NY.GNP.PCAP.CD,,,,,,,,,,,,,,,,,,,,,,,,,,,,,,,,,6230,,5190,2180,1510,1520,1550,1410,1380,1300,1380,1630,2170,2810,3520,4310,5500,5700,6150,6260,6610,7010,7590,6710,5620,5300,5700,6370,6330
Belize,BLZ,"GNI per capita, Atlas method (current US$)",NY.GNP.PCAP.CD,,,330,340,350,370,390,420,420,420,420,450,520,600,730,840,800,850,930,1120,1420,1430,1290,1150,1160,1200,1350,1610,1870,2080,2260,2420,2680,2790,2780,2860,2880,2890,2780,2880,3150,3130,3200,3420,3560,3620,3740,3670,3880,4050,3880,4050,4100,4180,4260,4400,4340,4420,4550,4700,3970
Bermuda,BMU,"GNI per capita, Atlas method (current US$)",NY.GNP.PCAP.CD,,,,,,,,,,,,,,,,,,,,,,,,,,,,,,,,,,,,,,,,,,,,,,,,,,,103480,101610,100100,101760,99920,101120,103620,112940,117000,117740,
Bolivia,BOL,"GNI per capita, Atlas method (current US$)",NY.GNP.PCAP.CD,,,,,,,,,,,,,,,,,550,580,650,760,820,900,860,840,850,840,740,720,710,720,720,740,770,790,810,850,900,950,990,980,980,950,920,910,950,1020,1110,1220,1480,1620,1780,2000,2250,2590,2830,2960,3040,3090,3370,3520,3200
Brazil,BRA,"GNI per capita, Atlas method (current US$)",NY.GNP.PCAP.CD,,,,,,,280,310,370,410,450,510,590,760,980,1180,1360,1490,1680,1970,2200,2090,2010,1730,1630,1580,1800,2050,2260,2760,2730,3280,3170,3090,3030,3760,4460,5020,4840,4120,3930,3350,3090,2980,3340,4000,4850,6190,7620,8320,9650,11080,12310,12790,12120,10190,8920,8700,9170,9270,7850
Barbados,BRB,"GNI per capita, Atlas method (current US$)",NY.GNP.PCAP.CD,,,,,,,,,,,,,,,,,,,,,,,,,,,5910,6690,7430,7860,7600,7570,7460,7690,8010,8340,8700,9050,9420,9820,10780,10630,10650,11300,12290,13240,14220,15530,16180,15730,15540,15050,15720,15660,15630,15740,15920,16070,16700,17380,14460
Brunei Darussalam,BRN,"GNI per capita, Atlas method (current US$)",NY.GNP.PCAP.CD,,,,,,,,,,,,,,,,,,,,,,,,,,,,,,12090,12460,13580,15160,15030,15090,15680,16210,16220,14420,14040,14680,16070,17140,17800,19990,23090,27580,30930,34150,32460,33300,35520,42370,45320,43090,38850,33170,29800,29390,32230,
Bhutan,BTN,"GNI per capita, Atlas method (current US$)",NY.GNP.PCAP.CD,,,,,,,,,,,,,,,,,,,,,,,270,250,280,280,330,470,520,550,560,480,450,420,450,460,510,550,530,560,700,750,810,910,1030,1200,1330,1640,1770,1860,2040,2240,2390,2410,2460,2520,2650,2800,2970,3140,2860
Botswana,BWA,"GNI per capita, Atlas method (current US$)",NY.GNP.PCAP.CD,,,80,80,90,90,100,100,120,140,160,200,260,350,440,520,540,580,690,890,1110,1340,1290,1170,1090,1070,1150,1340,1980,2320,2720,3070,3270,3330,2960,3260,3180,3330,3210,3150,3170,3260,2930,3370,3920,4930,5440,5730,5740,5330,5610,6610,7250,7570,7520,6840,6560,6690,7340,7660,6640
Central African Republic,CAF,"GNI per capita, Atlas method (current US$)",NY.GNP.PCAP.CD,,,80,80,80,90,90,100,100,110,110,110,120,140,170,190,210,240,280,310,360,350,340,270,270,290,340,420,490,490,480,480,470,450,370,350,300,300,280,280,260,260,250,260,300,340,350,380,420,480,510,530,570,380,390,400,410,440,490,520,510
Canada,CAN,"GNI per capita, Atlas method (current US$)",NY.GNP.PCAP.CD,,,,,,,,,,,,,,,,,,,,,,,,,,,,,,,,,,,,,,,,21210,22620,23030,23610,25860,29900,34810,38510,43090,45650,43230,44490,47190,51080,52800,52200,47590,43890,42900,44950,46460,43440
Central Europe and the Baltics,CEB,"GNI per capita, Atlas method (current US$)",NY.GNP.PCAP.CD,,,,,,,,,,,,,,,,,,,,,,,,,,,,,,,,,2239.253335,2441.107772,2716.952236,3173.106504,3625.586062,3823.550809,3863.998417,3909.494298,4086.833228,4167.252192,4426.451138,5184.942944,6375.713035,7734.909716,8864.868014,10303.30075,12400.7437,12756.67666,12802.01623,12934.8103,13076.96235,13425.26377,13563.75914,13249.0479,12858.32377,13079.23721,14648.55487,15887.15035,
Switzerland,CHE,"GNI per capita, Atlas method (current US$)",NY.GNP.PCAP.CD,,,,,,,,,,,,,,,,,,,,,,,,,,,,,,,,,,,,46740,49730,49340,46200,44280,44680,42110,40760,46780,55200,63080,65590,64480,65260,72470,79850,82280,87770,91700,89400,88750,85190,81520,85030,87950,
Channel Islands,CHI,"GNI per capita, Atlas method (current US$)",NY.GNP.PCAP.CD,,,,,,,,,,,,,,,,,,,,,,,,,,,,,,,,,,,,,,,,,42510,41460,40720,43340,50340,56280,60750,66220,,,,,,,,,,,,,
Chile,CHL,"GNI per capita, Atlas method (current US$)",NY.GNP.PCAP.CD,,,580,630,670,670,750,760,780,830,880,1060,1150,1360,1650,1150,1010,1060,1360,1790,2300,2780,2280,1820,1590,1430,1470,1660,1930,2200,2350,2600,3120,3440,3730,4420,5070,5590,5490,5120,5060,4800,4540,4510,5190,6210,7340,8690,10050,9950,10750,12340,14350,15160,14940,14130,13370,13270,14550,14990,13470
China,CHN,"GNI per capita, Atlas method (current US$)",NY.GNP.PCAP.CD,,,70,80,90,100,110,100,90,110,120,130,130,160,180,200,190,190,200,210,220,220,220,220,250,290,310,320,330,320,330,350,390,420,470,540,650,750,800,860,940,1010,1110,1280,1510,1760,2060,2510,3100,3680,4340,5050,5930,6770,7510,7940,8270,8740,9600,10390,10610
Cote d'Ivoire,CIV,"GNI per capita, Atlas method (current US$)",NY.GNP.PCAP.CD,,,160,180,220,210,230,240,270,280,300,300,320,380,480,600,680,780,950,1130,1160,1130,960,720,660,640,730,810,910,830,780,760,780,750,680,700,720,760,760,730,650,590,570,620,770,930,930,970,1070,1160,1190,1130,1230,1330,1450,1660,1840,2030,2180,2290,2280
Cameroon,CMR,"GNI per capita, Atlas method (current US$)",NY.GNP.PCAP.CD,,,,,,,,110,130,160,160,170,190,220,280,360,340,340,520,640,640,800,780,700,720,780,950,1110,1180,1080,970,900,930,920,800,770,690,710,690,680,660,630,630,730,910,1010,1060,1110,1240,1320,1330,1350,1370,1430,1490,1440,1380,1340,1450,1500,1500
"Congo, Dem. Rep.",COD,"GNI per capita, Atlas method (current US$)",NY.GNP.PCAP.CD,,,,,,,,,,,,,,,,,,,,,,,,,,,,,,,,,,,160,150,130,120,120,110,130,140,190,170,190,200,230,260,290,300,320,340,380,410,440,460,470,460,500,530,550
"Congo, Rep.",COG,"GNI per capita, Atlas method (current US$)",NY.GNP.PCAP.CD,,,150,150,160,170,180,190,200,220,220,230,270,340,420,500,480,450,490,610,830,1090,1220,1080,1060,990,980,1050,930,940,930,960,1060,910,760,480,470,590,580,490,570,630,670,700,770,1120,1600,1700,2140,2480,2750,2710,3500,3740,3990,3090,2210,1700,1790,1810,1830
Colombia,COL,"GNI per capita, Atlas method (current US$)",NY.GNP.PCAP.CD,,,280,280,310,310,320,300,300,320,330,360,390,460,550,590,620,690,850,1060,1250,1350,1330,1280,1280,1210,1220,1240,1300,1250,1330,1380,1560,1740,2050,2350,2540,2660,2570,2330,2340,2330,2370,2370,2620,3000,3500,4130,4710,5130,5620,6310,7290,7950,8200,7330,6460,5930,6260,6580,5780
Comoros,COM,"GNI per capita, Atlas method (current US$)",NY.GNP.PCAP.CD,,,,,,,,,,,,,,,,,,,,,,,660,590,550,550,620,780,960,930,980,950,1100,1080,870,850,780,790,730,700,730,700,680,790,950,1090,1130,1170,1290,1370,1380,1410,1420,1490,1490,1380,1320,1280,1380,1400,1450
Cabo Verde,CPV,"GNI per capita, Atlas method (current US$)",NY.GNP.PCAP.CD,,,,,,,,,,,,,,,,,,,,,,,510,470,450,450,510,650,840,900,900,910,1040,1190,1300,1410,1350,1350,1330,1370,1410,1350,1300,1520,1900,2160,2300,2820,3300,3480,3400,3510,3440,3490,3360,3210,3130,3080,3400,3630,3060
Costa Rica,CRI,"GNI per capita, Atlas method (current US$)",NY.GNP.PCAP.CD,,,360,350,350,370,390,410,440,470,520,570,630,760,880,970,1050,1250,1480,1740,1950,1420,1020,940,1110,1240,1440,1600,1650,1660,1750,1950,2350,2740,2980,3180,3240,3350,3400,3460,3570,3670,3770,4030,4380,4640,5060,5680,6410,6540,7260,8090,9280,9930,10350,10700,11100,11500,11930,12070,11460
Caribbean small states,CSS,"GNI per capita, Atlas method (current US$)",NY.GNP.PCAP.CD,,,,,,,,,671.6927559,702.9573678,754.9358957,798.2053425,947.5763751,1050.801675,1240.557324,1570.196075,1596.123362,1719.483473,1887.031148,2064.510914,2384.320831,2651.685137,2820.76003,2679.344239,2633.18387,2592.954116,2515.318434,2578.240557,2792.431173,2831.515183,2826.294919,2821.472638,2918.545731,2966.886532,3004.064452,3367.714297,3666.17354,3832.517837,4026.498105,4537.97734,4872.035034,4988.221911,5191.961963,5659.257351,6289.95019,6845.148915,7585.716267,8297.038578,9201.638603,8842.094719,8956.432903,8807.155672,9505.545233,9923.545687,9860.889281,9838.14635,9365.879027,9345.098653,9647.735201,10059.22497,8943.603065
Cuba,CUB,"GNI per capita, Atlas method (current US$)",NY.GNP.PCAP.CD,,,,,,,,,,,,,850,1040,1240,1500,1550,1600,1790,1990,2140,2430,2340,2180,2310,2310,2390,2490,2780,2750,2650,2340,2130,1870,2140,2550,2710,2500,2240,2400,2620,2760,2820,3100,3490,3960,4530,5000,5460,5520,5610,5930,6280,6640,6840,7230,7480,,,,
Curacao,CUW,"GNI per capita, Atlas method (current US$)",NY.GNP.PCAP.CD,,,,,,,,,,,,,,,,,,,,,,,,,,,,,,,,,,,,,,,,,,,,,,,,,,,,,,19930,19820,19620,19100,19100,20100,20370,
Cayman Islands,CYM,"GNI per capita, Atlas method (current US$)",NY.GNP.PCAP.CD,,,,,,,,,,,,,,,,,,,,,,,,,,,,,,,,,,,,,,,,,,,,,,,,,,,70220,71050,49570,44030,42930,44380,45880,52840,59380,68200,
Cyprus,CYP,"GNI per capita, Atlas method (current US$)",NY.GNP.PCAP.CD,,,,,,,,,,,,,,,,,,1520,1800,2400,3390,4050,4490,4220,4360,4480,5020,6300,7910,8570,9300,9460,11020,10970,11680,12810,13880,14280,15490,14340,14180,14170,14510,16710,20260,23990,25600,27340,31970,32780,32040,32550,29680,27830,26530,25980,24710,24710,26990,27930,26110
Czech Republic,CZE,"GNI per capita, Atlas method (current US$)",NY.GNP.PCAP.CD,,,,,,,,,,,,,,,,,,,,,,,,,,,,,,,,,3360,3500,4170,5150,5980,6160,6110,6110,6340,6350,6650,8110,10260,12480,14000,15850,18510,18840,19400,19460,19440,19410,18900,18370,17670,18310,20520,21930,
Germany,DEU,"GNI per capita, Atlas method (current US$)",NY.GNP.PCAP.CD,,,,,,,,,,,,,3600,4670,5800,6720,7130,7670,8870,11050,13010,12540,11120,10020,9880,9840,11240,14240,18620,19760,21300,22890,25810,25990,27530,29520,30860,30140,27950,26840,26150,24740,23610,26080,31570,35710,38230,40440,43570,43520,44550,47220,46530,47190,47620,45750,44250,43650,47140,48550,46980
Djibouti,DJI,"GNI per capita, Atlas method (current US$)",NY.GNP.PCAP.CD,,,,,,,,,,,,,,,,,,,,,,,,,,,,,,,,,,,,,,,,,,,,,,,,,,,,,,,,2730,2870,2990,3260,3310,3320
Dominica,DMA,"GNI per capita, Atlas method (current US$)",NY.GNP.PCAP.CD,,,,,,,,,,,,,,,,,,,,710,960,1160,1210,1220,1330,1480,1790,2170,2560,2600,2810,2960,3200,3410,3490,3720,3890,4010,4200,4200,4220,4470,4270,4680,4950,5050,5490,5760,6340,6520,6730,6920,6730,6780,7020,6910,7270,7250,7680,7870,6870
Denmark,DNK,"GNI per capita, Atlas method (current US$)",NY.GNP.PCAP.CD,,,,,,,,,2870,3140,3310,3670,4310,5580,6800,8080,8960,9780,11170,13560,15090,14180,12860,11710,11520,11840,14070,17760,22130,23050,24370,25540,28700,28570,30360,32560,34770,35150,33460,33060,32580,31410,30850,34750,42640,49610,53540,55740,60390,60090,61220,61990,61650,63200,63670,60510,58040,56690,61340,64000,62720
Dominican Republic,DOM,"GNI per capita, Atlas method (current US$)",NY.GNP.PCAP.CD,,,220,240,260,230,250,250,250,280,340,370,430,520,610,710,780,830,900,1030,1140,1210,1240,1240,1300,1100,1030,940,920,910,870,1040,1360,1620,1750,1960,2170,2360,2450,2540,2680,2740,2890,2640,2560,3040,3640,4430,4760,4920,5330,5540,5790,6030,6330,6580,6860,7090,7780,8100,7260
Algeria,DZA,"GNI per capita, Atlas method (current US$)",NY.GNP.PCAP.CD,,,190,230,240,250,230,250,280,310,330,320,440,530,710,910,1060,1100,1320,1640,1990,2200,2260,2190,2270,2400,2590,2810,2750,2550,2370,1980,1900,1730,1620,1550,1520,1510,1540,1530,1590,1670,1730,1920,2250,2710,3100,3600,4220,4290,4480,4600,5170,5510,5490,4850,4370,3940,3980,4010,3550
East Asia & Pacific (excluding high income),EAP,"GNI per capita, Atlas method (current US$)",NY.GNP.PCAP.CD,,,71.25299876,77.51150635,86.16937553,97.63307203,105.63485,99.633575,96.46484118,108.0891989,121.069741,124.4787887,131.454696,158.7202222,185.7768411,216.1487819,211.3835494,224.8157734,238.4983213,263.3293664,291.0752154,307.9517251,307.5062217,303.4948152,321.6311707,344.1092529,365.4489119,381.7285621,401.2442856,403.0214895,418.4452374,448.5384226,498.0779851,541.0143124,607.376018,698.684105,813.2297829,881.4096775,827.6137775,851.7382906,910.1695554,982.0414097,1063.618659,1209.267633,1422.944373,1635.882063,1893.473185,2273.351597,2770.973941,3216.591643,3760.084023,4342.480755,5073.027545,5705.130487,6207.834165,6469.367739,6678.106014,7016.610216,7687.637828,8284.119654,8362.382993
Early-demographic dividend,EAR,"GNI per capita, Atlas method (current US$)",NY.GNP.PCAP.CD,,,,,172.3994535,183.5022107,187.5956116,191.238833,197.2165596,210.9405115,222.5528227,235.1162515,251.62133,300.0255021,383.7253576,462.6850246,508.6191126,522.2249941,558.1378226,648.6763105,768.7556687,868.3838336,847.8834936,788.3526807,760.1578698,760.0720747,783.274525,817.8730234,844.6000511,811.8367978,847.4696294,888.2585756,982.3798299,1037.434695,1090.185529,1111.747146,1163.813295,1200.621251,1170.210862,1183.893322,1246.990654,1265.246411,1233.552231,1309.863672,1486.415604,1699.621793,1906.561675,2156.032905,2415.564813,2500.798894,2726.561394,2969.552186,3273.59313,3409.222764,3445.853233,3364.765325,3321.562974,3370.89285,3517.342197,3580.78076,3275.538031
East Asia & Pacific,EAS,"GNI per capita, Atlas method (current US$)",NY.GNP.PCAP.CD,,,142.1250537,155.4800689,173.9973109,192.6894291,211.866364,222.8098085,241.74149,275.2783473,303.3127702,332.2259636,391.651773,497.6269403,603.4497196,704.3532668,730.165388,790.0766502,933.1054388,1132.751658,1286.148632,1336.835046,1288.95215,1255.10058,1294.873424,1380.637627,1586.338865,1937.340127,2474.695584,2653.050339,2755.595345,2865.102304,3066.542794,3315.878586,3638.526431,4100.859742,4309.304635,4181.636469,3663.202963,3626.348814,3835.223957,3921.046465,3877.179221,4059.774455,4567.573063,4999.736765,5288.875396,5662.838819,6174.180292,6525.162433,7340.115449,8140.247094,9106.479554,9707.447418,9939.398794,9827.609594,9900.308204,10245.0657,11094.89222,11706.24867,
Europe & Central Asia (excluding high income),ECA,"GNI per capita, Atlas method (current US$)",NY.GNP.PCAP.CD,,,,,,,,,,,,,,,,,,,,,,,,,,,,,,,,2557.33233,2409.726677,2305.421877,1974.777612,1933.548232,1925.849068,1994.816675,1841.235055,1707.881783,1793.774774,1713.131853,1871.522211,2210.855341,2908.291249,3749.02196,4648.285747,5775.798148,7072.852869,6982.98781,7468.536044,8099.644774,9288.138518,10244.2225,10163.24688,8838.354407,7730.08398,7439.801123,7864.362419,8253.810794,7899.605024
Europe & Central Asia,ECS,"GNI per capita, Atlas method (current US$)",NY.GNP.PCAP.CD,,,,,,,,,,,,,1753.333694,2221.147543,2708.854681,3118.641192,3295.266732,3514.737492,3969.798685,4908.38178,5879.485107,5911.824047,5414.146929,4839.717268,4659.752963,4645.075524,5319.022752,6730.342775,8627.069905,9218.201929,9905.6742,10583.7552,11658.26294,11463.88859,11605.55431,12039.46508,12750.88776,13002.1587,12611.22943,12484.59706,12564.75377,12157.481,12079.20975,13649.05183,16590.65701,19233.02453,20845.55842,22564.03494,24573.53909,24339.91838,24541.72969,25010.19101,25326.19759,26024.40389,26049.18731,24678.77053,23360.33669,22838.24362,24383.76508,25212.52103,
Ecuador,ECU,"GNI per capita, Atlas method (current US$)",NY.GNP.PCAP.CD,,,380,350,380,430,450,460,470,500,520,510,510,600,830,1090,1280,1360,1550,1820,2110,2460,2390,2110,1890,1820,1770,1640,1510,1360,1370,1480,1600,1670,1820,1970,2080,2180,2160,1780,1550,1550,1730,2110,2550,2880,3100,3310,3860,4060,4390,4870,5390,5810,6110,5970,5810,5860,6090,6100,5530
"Egypt, Arab Rep.",EGY,"GNI per capita, Atlas method (current US$)",NY.GNP.PCAP.CD,,,,,,,,170,180,190,220,240,260,290,300,330,350,370,390,420,490,520,550,560,640,680,740,870,840,780,760,750,750,760,820,920,1020,1130,1210,1310,1420,1430,1330,1240,1200,1220,1320,1530,1840,2120,2370,2560,2840,3030,3230,3340,3440,3030,2790,2690,3000
Euro area,EMU,"GNI per capita, Atlas method (current US$)",NY.GNP.PCAP.CD,,,1092.009739,1197.105704,1318.721593,1455.633787,1595.914842,1732.62008,1887.450454,2080.464245,2278.253816,2500.211173,2899.3011,3723.544726,4622.856796,5329.982784,5651.681439,6070.790631,6892.041205,8548.630391,10265.57278,10165.62408,9204.019672,8203.93853,7974.383793,7987.367693,9230.394183,11815.90183,15367.31078,16472.71141,17758.06618,18997.11012,21316.87774,20989.72617,21526.01502,22654.76196,23912.50021,23862.26991,22816.52838,22410.50288,22188.16622,21264.83411,20722.7083,23314.37922,28299.47285,32412.50271,34555.76265,36717.40175,39536.32285,39640.37893,39768.46084,40296.82036,39267.85272,39467.12883,39351.66995,37713.67513,36323.42264,35822.36885,38751.87952,40064.3932,
Eritrea,ERI,"GNI per capita, Atlas method (current US$)",NY.GNP.PCAP.CD,,,,,,,,,,,,,,,,,,,,,,,,,,,,,,,,,,,270,270,300,320,330,310,300,310,300,300,340,390,410,420,410,480,510,600,,,,,,,,,
Spain,ESP,"GNI per capita, Atlas method (current US$)",NY.GNP.PCAP.CD,,,500,570,640,730,840,930,1010,1110,1170,1310,1590,2090,2730,3240,3430,3640,4040,5010,6210,6310,5680,4860,4580,4550,5400,7110,9410,10700,12210,13700,15610,15010,14470,14830,15560,15820,15440,15480,15770,15520,15590,18030,22070,25870,27820,29740,32190,32460,31880,30950,29520,29210,29130,28430,27530,27070,29320,30330,
Estonia,EST,"GNI per capita, Atlas method (current US$)",NY.GNP.PCAP.CD,,,,,,,,,,,,,,,,,,,,,,,,,,,,,,,,,,,,,,,,,4160,4310,4620,5730,7500,9730,11500,13420,15200,14620,14700,15990,16890,18250,18990,18680,18410,18820,21320,23230,
Ethiopia,ETH,"GNI per capita, Atlas method (current US$)",NY.GNP.PCAP.CD,,,,,,,,,,,,,,,,,,,,,,,,210,200,190,230,280,270,260,260,250,220,210,160,150,150,140,130,120,130,130,120,110,140,160,180,220,280,340,380,390,410,470,550,600,670,740,800,850,890
European Union,EUU,"GNI per capita, Atlas method (current US$)",NY.GNP.PCAP.CD,,,,,,,,,,,,,2412.764317,3093.024931,3832.02113,4423.487392,4689.776824,5030.16469,5700.179723,7048.865022,8435.439397,8347.717782,7550.47033,6717.360548,6522.955421,6533.117156,7555.243135,9658.921323,12519.3375,13414.12826,14446.52861,15443.48197,17322.23362,17057.15302,17532.35054,18513.77546,19633.02732,19673.77145,18888.46896,18607.30642,18511.16799,17816.38722,17479.39726,19733.06371,23994.09805,27606.43311,29604.11386,31658.75391,34397.81896,34521.62986,34714.9486,35193.99323,34503.83216,34820.00988,34788.70065,33399.31381,32170.71551,31812.56153,34495.03601,35805.93759,
Fragile and conflict affected situations,FCS,"GNI per capita, Atlas method (current US$)",NY.GNP.PCAP.CD,,,,,,,,,,,,,,,,,,,,,826.1301651,913.406451,966.6139585,956.8350147,857.50622,824.1545131,812.1577134,830.9412014,842.7299923,741.0277822,896.9545671,534.9280915,534.7423344,483.3346542,445.3864298,460.8810153,495.240255,549.723618,554.6634902,582.2716197,630.7580949,683.2728136,671.5062597,650.6784734,777.8165422,907.3106274,1095.244455,1315.786997,1614.291719,1758.598644,1916.190028,1892.99824,2150.652661,2250.280727,2341.155242,2198.043401,2002.722766,1851.788063,1857.172097,1939.805904,1803.25614
Finland,FIN,"GNI per capita, Atlas method (current US$)",NY.GNP.PCAP.CD,,,1370,1470,1620,1810,1970,2060,2090,2270,2460,2690,3170,4030,5130,6320,6840,7190,7910,9540,11450,11980,11700,10840,10790,11130,13010,16480,21540,24110,26000,25100,24170,20680,20170,22030,24970,26680,25820,26040,26450,25810,25550,28720,35270,40170,42800,46160,50070,48800,49600,50150,48940,49480,49390,47150,45500,44790,48230,49960,49620
Fiji,FJI,"GNI per capita, Atlas method (current US$)",NY.GNP.PCAP.CD,,,280,290,300,290,300,340,350,350,400,440,530,720,930,1120,1220,1300,1360,1660,1870,2040,1800,1580,1660,1580,1790,1770,1790,1790,1790,1790,1990,2090,2230,2460,2660,2580,2290,2350,2230,2140,2160,2410,3020,3570,3590,3790,3980,3850,3650,3770,4140,4710,5020,5100,5280,5370,5910,5800,4720
France,FRA,"GNI per capita, Atlas method (current US$)",NY.GNP.PCAP.CD,,,1550,1700,1870,2030,2200,2360,2560,2820,3020,3250,3670,4690,5790,6720,7140,7810,8830,10820,13080,13190,12040,10450,9820,9770,11330,14460,18520,19490,20640,21420,23840,23580,24380,25740,27110,26930,25830,25420,24970,23840,23090,25930,31360,35870,37850,40130,43460,43930,43850,44350,43380,43780,43320,41100,39070,38270,41080,42290,
Faroe Islands,FRO,"GNI per capita, Atlas method (current US$)",NY.GNP.PCAP.CD,,,,,,,,,,,,,,,,,,,,,,,,,,,,,,,,,,,,,,,,,,,,,,,,,,,,,,,,,,,,,
"Micronesia, Fed. Sts.",FSM,"GNI per capita, Atlas method (current US$)",NY.GNP.PCAP.CD,,,,,,,,,,,,,,,,,,,,,,,,,,,,,,,,,,2120,2130,2200,2140,1930,1950,2050,2210,2260,2270,2380,2440,2560,2560,2570,2590,2820,2900,3070,3150,3180,3150,3490,3410,3450,3400,4010,
Gabon,GAB,"GNI per capita, Atlas method (current US$)",NY.GNP.PCAP.CD,,,330,410,340,360,420,440,460,530,570,610,690,910,1700,2870,4450,4010,3090,3520,4590,5290,4840,4260,4310,3860,3840,3430,4150,4580,4820,5170,5120,4430,4130,3910,4100,4270,3940,3280,3100,3430,3610,3880,4310,5520,5740,6590,7320,7590,7850,8120,9090,9330,9330,7970,7080,6510,6830,7170,6970
United Kingdom,GBR,"GNI per capita, Atlas method (current US$)",NY.GNP.PCAP.CD,,,,,,,,,,,2480,2760,3200,3900,4360,4870,5010,5220,5930,7560,9530,10640,10630,9840,9250,9140,10220,12680,16130,17350,18530,19350,21440,21320,21850,21080,22790,25480,26920,28140,29230,28970,29180,32250,37770,42740,45060,47500,48470,44230,41740,41060,41690,42730,44400,44340,42940,41280,41740,42130,
Georgia,GEO,"GNI per capita, Atlas method (current US$)",NY.GNP.PCAP.CD,,,,,,,,,,,,,,,,,,,,,,,,,,,,,,,,,2260,1610,760,550,670,820,870,840,790,780,840,990,1210,1520,1910,2380,2820,2950,3210,3520,4150,4530,4740,4410,4080,4040,4460,4690,4290
Ghana,GHA,"GNI per capita, Atlas method (current US$)",NY.GNP.PCAP.CD,,,190,200,210,230,250,240,220,220,250,270,260,280,320,300,290,300,350,380,420,410,360,320,340,350,390,420,440,400,400,410,430,420,370,370,380,390,390,390,340,300,270,320,380,460,600,790,1150,1190,1240,1380,1530,1840,1960,1950,1790,1870,2120,2210,2230
Gibraltar,GIB,"GNI per capita, Atlas method (current US$)",NY.GNP.PCAP.CD,,,,,,,,,,,,,,,,,,,,,,,,,,,,,,,,,,,,,,,,,,,,,,,,,,,,,,,,,,,,,
Guinea,GIN,"GNI per capita, Atlas method (current US$)",NY.GNP.PCAP.CD,,,,,,,,,,,,,,,,,,,,,,,,,,,,,400,390,410,420,460,490,500,500,510,510,470,450,400,360,350,340,370,360,400,470,620,670,690,680,700,700,740,760,780,820,860,950,1020
"Gambia, The",GMB,"GNI per capita, Atlas method (current US$)",NY.GNP.PCAP.CD,,,,,,,,,110,110,110,110,120,150,180,230,230,240,260,310,380,390,340,300,290,300,300,320,300,300,310,400,520,710,690,690,700,690,660,640,620,560,440,390,470,520,640,700,810,880,890,760,760,730,650,620,620,660,720,750,750
Guinea-Bissau,GNB,"GNI per capita, Atlas method (current US$)",NY.GNP.PCAP.CD,,,,,,,,,,,,,120,130,150,170,150,140,160,180,150,190,200,190,190,200,160,170,180,210,220,240,240,230,220,220,240,240,160,160,210,250,300,330,380,430,440,470,510,560,580,640,630,640,640,640,650,680,720,800,760
Equatorial Guinea,GNQ,"GNI per capita, Atlas method (current US$)",NY.GNP.PCAP.CD,,,,,,,,,,,,,,,,,,,,,,,130,130,130,150,170,210,250,230,260,270,380,370,270,250,360,870,700,820,770,900,1270,1190,1720,3890,8110,11600,14250,12530,9970,11540,13870,14030,13230,10850,8270,6510,6730,6280,5810
Greece,GRC,"GNI per capita, Atlas method (current US$)",NY.GNP.PCAP.CD,,,620,700,790,900,1000,1090,1200,1370,,,,,,,,,,,,,,,,,,,,,,,,,,,,,,,,,,,,,24550,26350,28660,29330,27530,24510,23170,22370,22000,20140,18590,17940,19050,19690,
Grenada,GRD,"GNI per capita, Atlas method (current US$)",NY.GNP.PCAP.CD,,,,,,,,,,,,,,,,,,,,1150,1300,1310,1300,1280,1340,1500,1790,2200,2490,2670,2840,3040,3140,3120,3210,3310,3500,3660,3990,4310,4610,4510,4650,5290,5350,6650,6430,6830,7260,6720,6940,7060,7030,7350,7520,7750,8350,8740,9560,9830,8740
Greenland,GRL,"GNI per capita, Atlas method (current US$)",NY.GNP.PCAP.CD,,,,,,,,,,,,,1890,2440,3130,3800,4330,5140,6160,7550,9270,9100,8020,7270,6740,7060,8540,11470,15170,16970,15690,16510,17440,16600,17830,19470,20780,20540,20440,19740,20290,19390,18760,20440,25730,30920,30240,34800,,,,,,,,,,,,,
Guatemala,GTM,"GNI per capita, Atlas method (current US$)",NY.GNP.PCAP.CD,,,260,280,280,290,290,290,310,330,350,360,390,450,540,610,690,800,920,1080,1210,1240,1170,1110,1130,1160,1070,1020,980,980,930,970,1030,1140,1230,1360,1440,1530,1610,1650,1670,1600,1600,1670,1850,2000,2150,2370,2610,2650,2730,2910,3160,3380,3550,3700,3870,4100,4400,4610,4490
Guam,GUM,"GNI per capita, Atlas method (current US$)",NY.GNP.PCAP.CD,,,,,,,,,,,,,,,,,,,,,,,,,,,,,,,,,,,,,,,,,,,,,,,,,,,,,,,,,,,,,
Guyana,GUY,"GNI per capita, Atlas method (current US$)",NY.GNP.PCAP.CD,,,280,250,280,310,320,340,330,350,360,380,390,430,540,680,660,610,620,670,760,740,590,510,470,500,520,460,470,360,400,330,390,460,570,670,830,890,880,860,890,880,890,940,1030,1090,1470,2280,3850,4190,4510,4820,5290,5540,5570,5470,5600,5910,6290,6630,6600
High income,HIC,"GNI per capita, Atlas method (current US$)",NY.GNP.PCAP.CD,,,1530.854235,1622.964523,1744.750606,1890.756545,2059.789953,2189.566994,2397.292816,2608.71509,2762.056189,3014.080261,3457.165744,4226.634211,4935.790377,5517.385229,5852.965777,6283.584528,7179.860418,8620.627463,9962.717365,10367.21048,9868.34273,9459.048787,9810.053973,10264.57102,11587.39081,13899.50943,16926.57338,17824.32095,18633.81519,19381.02095,21080.25743,21589.15613,22714.60423,24225.76863,25406.41311,25539.32704,24576.78365,24861.45392,25892.08842,25874.0297,25699.8051,27682.007,31569.12048,34758.47609,36477.53364,37896.44806,39472.20183,38789.56166,39849.0708,41200.40052,42567.09199,43378.65095,43563.5972,42331.98049,41425.93812,41731.24444,44563.98905,46036.04668,
"Hong Kong SAR, China",HKG,"GNI per capita, Atlas method (current US$)",NY.GNP.PCAP.CD,,,,570,630,700,710,710,740,840,930,1060,1300,1750,2150,2450,2900,3340,3930,4700,5730,6360,6290,5890,6170,6090,7230,9080,10770,11550,12660,14320,16560,19560,21820,23570,24140,26080,25110,25800,26930,26350,25270,26340,28120,28890,30290,32070,33950,32350,33620,35690,36340,38570,40240,41180,42970,46390,50060,50480,48630
Honduras,HND,"GNI per capita, Atlas method (current US$)",NY.GNP.PCAP.CD,,,180,180,190,210,220,230,250,250,260,270,280,320,360,380,410,460,610,830,1090,1090,1020,1000,1080,1160,1260,1410,1410,1270,1110,940,930,950,880,900,870,910,910,930,1020,1050,1070,1130,1210,1290,1360,1490,1630,1670,1740,1880,1970,2010,2010,2060,2120,2250,2330,2390,2200
Heavily indebted poor countries (HIPC),HPC,"GNI per capita, Atlas method (current US$)",NY.GNP.PCAP.CD,,,,,,,,,,,,,,,,,248.326331,262.4746509,290.4022588,333.8375239,372.0339432,390.5036907,365.4948598,323.6092304,310.3846343,312.2613504,351.5278336,411.7333966,434.2725848,411.3629842,382.8546311,365.6114562,356.887889,343.1200939,307.0678744,311.4990432,318.0732675,327.974464,323.4715936,325.2072821,327.8309103,325.060521,329.5059894,351.1607746,402.1080193,453.2203336,497.5107342,562.0281317,659.5190393,719.8549043,768.9809182,797.4175489,845.9060967,892.8315756,937.4255391,931.7902808,910.6676836,906.9864364,950.6608536,979.49924,956.3466753
Croatia,HRV,"GNI per capita, Atlas method (current US$)",NY.GNP.PCAP.CD,,,,,,,,,,,,,,,,,,,,,,,,,,,,,,,,,,,,,,5520,5430,5180,5210,5290,5600,6670,8520,10150,11310,12670,14250,14110,14090,14040,13440,13580,13260,12970,12380,12680,14080,14990,14190
Haiti,HTI,"GNI per capita, Atlas method (current US$)",NY.GNP.PCAP.CD,,,,,,,,,,,,,,,,,,,,,250,250,250,240,260,280,320,340,380,370,420,450,390,310,260,310,360,390,400,450,550,640,730,670,660,700,780,890,990,1140,1120,1230,1300,1370,1410,1390,1330,1310,1360,1330,1250
Hungary,HUN,"GNI per capita, Atlas method (current US$)",NY.GNP.PCAP.CD,,,,,,,,,,,,,,,,,,,,,,,,,,,,,,,,,,3660,4030,4250,4370,4400,4410,4490,4620,4790,5290,6630,8640,10360,11230,11750,13230,13380,13260,13250,13060,13500,13560,13250,13100,13190,15010,16530,
IBRD only,IBD,"GNI per capita, Atlas method (current US$)",NY.GNP.PCAP.CD,,,,,,,198.7952446,198.5654032,203.7623018,221.4250015,238.8571011,253.3858474,274.3737672,332.5059096,411.2361256,482.6232994,503.3852317,524.8956935,567.2367273,653.1428721,751.1704879,807.4241249,793.5095884,741.3835078,735.3166577,754.0071051,796.866434,858.5142385,906.6214404,917.4819639,967.3748674,1007.216186,1060.284239,1100.292967,1139.456258,1222.17009,1337.844351,1426.290432,1383.489989,1361.317961,1413.829476,1424.738439,1443.013094,1566.626354,1824.583529,2130.621382,2479.623196,2947.560495,3485.181009,3749.498057,4189.264418,4666.111599,5288.951236,5722.074096,5911.387209,5762.358629,5656.258633,5781.040703,6205.174839,6541.965738,6291.647232
IDA & IBRD total,IBT,"GNI per capita, Atlas method (current US$)",NY.GNP.PCAP.CD,,,,,,,182.9020792,183.0596543,188.1248346,204.3750672,221.3139085,234.5380124,253.4992872,303.6573458,376.5822072,442.2603309,463.7883789,483.2313309,521.0655642,599.5559264,690.0525676,745.8656868,739.6852462,697.0696806,680.7677978,691.5617692,724.8318076,778.0748038,819.0822507,820.9631773,858.197834,886.7892169,928.551438,954.0765357,979.2944611,1045.03438,1139.532889,1210.850259,1174.209953,1155.216752,1196.555307,1205.389664,1220.820062,1321.657603,1535.517644,1785.725742,2070.55046,2448.244799,2886.124838,3098.584183,3444.456115,3813.620493,4303.384841,4644.962585,4795.947156,4672.297685,4573.246539,4651.371392,4967.587684,5213.997635,5004.541204
IDA total,IDA,"GNI per capita, Atlas method (current US$)",NY.GNP.PCAP.CD,,,,,,,,,,122.3327877,137.5993159,144.6732165,154.0144747,164.7513571,210.1009815,249.2800079,275.0365678,286.1970898,304.7296118,350.59412,408.3073703,463.986316,494.2574444,496.0239557,438.0435298,417.6478705,412.7662251,433.0470395,447.2888426,416.6635203,406.02389,395.1279799,395.6487157,367.9874325,343.7466854,350.2369008,370.7404912,385.412583,382.3587263,385.2124036,394.891539,406.9702067,422.9502326,453.3303986,524.2560612,594.5242259,676.0336553,767.9971436,896.9461782,966.2871011,1035.05167,1088.024061,1190.059575,1284.935248,1361.979933,1360.72684,1325.786525,1307.368845,1353.232994,1390.201272,1354.130054
IDA blend,IDB,"GNI per capita, Atlas method (current US$)",NY.GNP.PCAP.CD,,,104.7314472,111.7177062,115.878504,122.3321031,127.3731668,126.7066419,134.2067794,150.9223605,180.0185306,190.3741519,201.6239593,208.7437951,268.4617781,307.3520323,358.3568548,387.7980859,414.480917,479.6900963,562.8518614,676.0526918,783.4838766,835.484575,699.73743,637.5166463,582.8998592,572.3493459,584.0125861,533.8148167,524.7718589,507.2339445,512.0875045,456.6290002,434.2490047,442.0784352,479.4563446,499.031701,486.6461904,489.8261906,502.5123052,527.2399435,561.2022913,605.3359861,714.9312135,824.1442362,981.1828988,1123.750751,1314.219972,1379.892113,1454.42044,1526.769271,1704.834495,1860.131538,1992.733639,1964.849031,1843.600047,1737.075854,1730.886403,1725.187093,1654.496635
Indonesia,IDN,"GNI per capita, Atlas method (current US$)",NY.GNP.PCAP.CD,,,,,,,,,,70,80,80,90,110,160,220,270,300,360,400,470,530,560,530,520,500,520,510,510,530,560,610,660,740,850,990,1090,1100,660,570,580,720,790,900,1080,1220,1380,1600,1940,2150,2530,3010,3580,3730,3620,3430,3400,3530,3840,4050,3870
IDA only,IDX,"GNI per capita, Atlas method (current US$)",NY.GNP.PCAP.CD,,,,,,,,,,,,,,,,,,,,,,,,306.2385592,293.0414423,296.6196259,321.1672047,359.9338571,375.7697242,355.8931414,343.9734383,336.7389492,334.8215747,323.0694879,297.3938397,303.2430797,314.7314793,326.8087794,328.7338769,331.4037263,339.5268223,344.8809108,351.4812599,374.8149686,425.7038279,475.8419785,518.0968796,583.7461725,680.5159514,753.1398667,819.3113691,862.7412266,923.9876702,986.4207942,1033.377626,1046.358655,1058.554009,1088.716883,1164.219462,1226.235359,1209.294203
Isle of Man,IMN,"GNI per capita, Atlas method (current US$)",NY.GNP.PCAP.CD,,,,,,,,,,,,,,,,,,,,,,,,,,,,,,,,,,,,,,17050,18800,21310,21880,22480,23780,27790,34170,39600,44420,47220,42870,45990,71570,74390,82210,87840,89000,83990,78860,77890,83160,,
India,IND,"GNI per capita, Atlas method (current US$)",NY.GNP.PCAP.CD,,,90,100,110,110,110,110,100,110,120,120,120,140,170,190,180,190,210,220,270,290,290,280,280,290,310,350,390,390,380,350,340,320,340,370,400,410,410,440,440,450,460,520,610,710,790,910,1000,1120,1220,1360,1480,1520,1560,1600,1680,1820,2010,2120,1900
Not classified,INX,"GNI per capita, Atlas method (current US$)",NY.GNP.PCAP.CD,,,,,,,,,,,,,,,,,,,,,,,,,,,,,,,,,,,,,,,,,,,,,,,,,,,,,,,,,,,,,
Ireland,IRL,"GNI per capita, Atlas method (current US$)",NY.GNP.PCAP.CD,,,,,,,,,,,,,2070,2540,2990,3390,3280,3580,4120,5120,6380,6780,6390,5720,5610,5630,6370,8220,10420,11100,12560,13130,14440,14600,15480,16920,18880,20660,21430,22660,24080,24030,24840,29890,37700,44550,47890,50500,50900,46750,44820,41950,40600,43430,46360,50390,51860,53750,60450,63470,
"Iran, Islamic Rep.",IRN,"GNI per capita, Atlas method (current US$)",NY.GNP.PCAP.CD,,,210,210,220,250,270,290,320,360,390,450,540,730,1090,1460,1980,2060,2000,2240,2050,2320,3070,3260,3070,3420,3600,3470,2970,2530,2540,,,,,1290,1600,1790,1780,1740,1760,1790,1880,2200,2520,2960,3480,4270,4970,5560,6250,6870,7130,6990,6500,5370,5500,5420,4530,3640,2870
Iraq,IRQ,"GNI per capita, Atlas method (current US$)",NY.GNP.PCAP.CD,,,,,,,,,,,,,,,,,,,,,3910,3420,3010,2350,2540,2760,3060,3540,3730,3730,7070,70,50,40,60,130,390,750,920,1290,1600,1730,1420,850,1370,1430,1820,2400,3550,4160,4580,4960,6310,7050,6750,5800,5340,4670,4840,5490,4660
Iceland,ISL,"GNI per capita, Atlas method (current US$)",NY.GNP.PCAP.CD,,,1540,1740,2050,2440,2980,3110,2790,2490,,,,,,,,,,,,,,,,,,,,,,,,,,,,28480,29270,30400,31540,30700,30930,33710,42020,50520,53450,61880,50060,41860,36270,37610,40690,46960,48090,49940,54910,60230,67760,72930,
Israel,ISR,"GNI per capita, Atlas method (current US$)",NY.GNP.PCAP.CD,,,1320,1330,1310,1440,1470,1480,1730,1910,,,,,,,,,,,,,,,,,,,,,,,,,,,,18930,18780,18450,19200,19270,18600,18700,19960,21440,22330,23960,26140,27280,29670,31450,32220,34320,36020,36060,36340,37580,40840,43070,
Italy,ITA,"GNI per capita, Atlas method (current US$)",NY.GNP.PCAP.CD,,,960,1060,1160,1280,1410,1550,1700,1850,2060,2250,2620,3250,3930,4320,4510,4730,5270,6740,8430,8710,8220,7630,7760,8030,9380,12160,15950,17300,18660,20370,22960,21590,20860,20670,21830,22300,22220,21990,21890,21170,20710,23350,28270,32430,34250,35900,37910,37870,37850,37900,36200,35550,34890,32980,31950,31340,33810,34830,32200
Jamaica,JAM,"GNI per capita, Atlas method (current US$)",NY.GNP.PCAP.CD,,,,,,,,,620,650,720,760,980,1020,1180,1370,1370,1450,1430,1300,1210,1290,1340,1330,1130,930,950,1170,1480,1690,1770,1740,1610,1840,1880,2290,2520,2760,2890,3120,3240,3240,3250,3440,3650,3800,4090,4320,4570,4330,4390,4590,4980,5010,4910,4700,4600,4750,5010,5260,4620
Jordan,JOR,"GNI per capita, Atlas method (current US$)",NY.GNP.PCAP.CD,,,,,,,,,,,,,,,,,,,1160,1540,1810,2040,1980,1750,1730,1670,1870,2100,2160,1560,1270,1090,1240,1280,1340,1420,1430,1450,1480,1530,1670,1740,1780,1900,2160,2340,2510,2730,3110,3380,3520,3620,3720,3830,3920,3950,4000,4080,4270,4410,4310
Japan,JPN,"GNI per capita, Atlas method (current US$)",NY.GNP.PCAP.CD,,,610,700,810,900,1040,1210,1430,1680,1850,2120,2720,3620,4430,5170,5410,5940,7450,9450,10850,11120,10550,10270,10520,11470,13860,18180,24920,27010,27820,28580,30540,33350,36920,42090,43150,40040,34450,33780,36230,36770,34790,35070,38350,40560,39930,38740,38850,38800,43440,46880,49480,48280,43950,38840,37860,38490,41150,41580,
Kazakhstan,KAZ,"GNI per capita, Atlas method (current US$)",NY.GNP.PCAP.CD,,,,,,,,,,,,,,,,,,,,,,,,,,,,,,,,,,1430,1310,1280,1340,1390,1390,1290,1270,1360,1530,1810,2300,2930,3860,4980,6110,6790,7440,8280,9940,11840,12080,11380,8770,8040,8070,8820,8680
Kenya,KEN,"GNI per capita, Atlas method (current US$)",NY.GNP.PCAP.CD,,,100,100,110,100,120,120,130,140,130,160,190,200,230,250,250,280,320,390,450,450,390,340,310,310,340,370,410,400,370,350,330,270,260,270,340,390,430,430,410,400,380,400,450,510,580,700,820,900,960,990,1050,1130,1240,1290,1350,1420,1600,1750,1760
Kyrgyz Republic,KGZ,"GNI per capita, Atlas method (current US$)",NY.GNP.PCAP.CD,,,,,,,,,,,,,,,,,,,,,,,,,,,,,,,,,520,450,370,360,390,390,360,300,280,280,290,340,400,450,500,610,760,860,850,880,1040,1190,1250,1180,1110,1110,1220,1240,1160
Cambodia,KHM,"GNI per capita, Atlas method (current US$)",NY.GNP.PCAP.CD,,,,,,,,,,,,,,,,,,,,,,,,,,,,,,,,,,,,250,320,320,290,300,300,310,320,350,400,460,520,590,670,700,750,810,880,970,1020,1060,1140,1230,1380,1530,1490
Kiribati,KIR,"GNI per capita, Atlas method (current US$)",NY.GNP.PCAP.CD,,,,,,,,,,,,,,,,,,,870,860,690,660,790,780,590,540,520,550,640,670,720,960,1030,1020,1050,1150,1090,1340,1470,1300,1330,1340,1250,1310,1480,1700,1710,1820,1930,1900,2050,2090,2620,2980,3220,3470,2920,3020,3080,3340,3010
St. Kitts and Nevis,KNA,"GNI per capita, Atlas method (current US$)",NY.GNP.PCAP.CD,,,,,,,,,,,,,,,,,,,,1370,1670,1850,1940,2010,2240,2510,3070,3690,4390,4660,5220,5260,5710,6190,6710,7310,7690,8080,7830,8280,9120,9440,9370,9270,10390,11640,12440,13050,14850,14620,14690,15450,15470,16610,16490,16410,17080,17240,18520,19130,17400
"Korea, Rep.",KOR,"GNI per capita, Atlas method (current US$)",NY.GNP.PCAP.CD,,,120,120,130,130,140,150,190,240,280,310,340,430,550,660,810,970,1280,1680,1870,2030,2050,2170,2340,2480,2850,3530,4520,5380,6450,7570,8310,9010,10090,11820,13320,13550,10330,10430,11030,11950,12850,13790,16200,18520,20800,23440,23860,22040,22290,23590,25660,26980,28160,28720,29330,30300,32730,33790,32860
Kuwait,KWT,"GNI per capita, Atlas method (current US$)",NY.GNP.PCAP.CD,,,,,,,,,,,,,,,,,,,,,,,,,,,,,,,,,,,,20520,20870,21480,19680,16870,17980,18660,18930,22600,28510,35220,42300,47580,51710,45000,42490,43790,49690,53060,51000,41820,35330,31400,33430,36290,
Latin America & Caribbean (excluding high income),LAC,"GNI per capita, Atlas method (current US$)",NY.GNP.PCAP.CD,,,,,,,450.4932925,462.2557968,497.7481915,531.8413882,562.5693072,617.0513397,681.5301567,838.1172658,1064.970243,1249.362841,1312.546736,1350.174704,1466.999383,1721.788668,2021.45718,2154.484467,2042.544286,1794.928674,1710.826134,1687.375612,1756.511904,1902.923451,2020.376974,2166.961934,2268.329346,2645.617577,2928.914196,3165.943353,3411.070114,3618.069761,3921.231926,4191.627988,4170.699273,3946.518444,4017.001691,3872.294545,3640.712338,3650.679383,3927.712087,4378.213062,5032.717059,5862.614158,6743.123022,6878.496141,7627.68141,8469.401086,9354.780409,9799.027237,9627.849184,8812.61513,8086.359388,7949.162404,8219.635084,8293.531593,7180.544583
Lao PDR,LAO,"GNI per capita, Atlas method (current US$)",NY.GNP.PCAP.CD,,,,,,,,,,,,,,,,,,,,,,,,,,,550,430,250,210,190,210,250,280,310,350,380,370,310,290,280,310,320,340,390,460,510,620,750,890,1000,1140,1370,1610,1820,1970,2120,2240,2450,2490,2480
Lebanon,LBN,"GNI per capita, Atlas method (current US$)",NY.GNP.PCAP.CD,,,,,,,,,,,,,,,,,,,,,,,,,,,,,,,1310,1700,1920,2220,2610,3160,3720,4000,4250,4490,4600,4460,4200,3790,4730,4890,4860,5410,6060,6870,7470,7560,7560,7640,7550,7280,7220,7470,7710,7420,5510
Liberia,LBR,"GNI per capita, Atlas method (current US$)",NY.GNP.PCAP.CD,,,,,,,,,,,,,,,,,,,,,,,,,,,,,,,,,,,,,,,,,,,250,180,210,250,290,330,390,430,460,520,560,630,630,630,620,620,610,580,530
Libya,LBY,"GNI per capita, Atlas method (current US$)",NY.GNP.PCAP.CD,,,,,,,,,,,,,,,,,,,,,,,,,,,,,,,,,,,,,,,,,,,5170,5160,5140,6860,8600,10400,12200,12090,12380,4690,11550,10750,7610,5690,4550,5410,6800,7640,4850
St. Lucia,LCA,"GNI per capita, Atlas method (current US$)",NY.GNP.PCAP.CD,,,,,,,,,,,,,,,,,,,,,,,1530,1510,1660,1940,2500,2830,3330,3570,3730,3850,4400,4420,4510,4650,4850,4760,4930,5150,5250,4990,5010,5370,6000,6230,7260,7500,8090,8020,8170,8820,8850,8790,8840,8740,9450,10080,10700,11080,8790
Latin America & Caribbean,LCN,"GNI per capita, Atlas method (current US$)",NY.GNP.PCAP.CD,,,,,,,489.8327294,501.4310414,537.5892312,572.7182528,609.0741941,667.7225187,735.4925462,899.1600495,1135.919514,1309.054913,1374.919257,1417.315106,1547.509761,1820.279408,2140.297451,2307.931924,2186.215889,1924.166374,1834.171364,1803.509381,1876.148022,2011.169447,2135.366749,2241.526262,2342.491778,2699.002275,2989.150396,3218.157023,3451.161797,3682.068236,3987.383464,4273.533331,4253.451801,4056.969226,4153.259399,4036.590956,3784.359219,3773.698004,4093.254332,4583.848547,5277.943834,6158.041426,7099.513212,7268.932091,8052.843656,8881.238079,9794.942158,10202.47389,10095.4331,9284.075634,8558.425133,8434.473678,8762.160367,8868.102106,7715.118505
Least developed countries: UN classification,LDC,"GNI per capita, Atlas method (current US$)",NY.GNP.PCAP.CD,,,,,,,,,,,,,,,,,,,,,,,,,,217.4642436,244.9114024,284.3703276,300.8417936,303.3747514,292.304855,302.0771259,289.3250049,278.4413054,255.5142401,264.4958244,272.2444006,286.630654,286.0936886,288.1527348,298.5748705,304.0579307,314.866727,337.8099103,388.6093426,439.9396042,487.5490743,560.6682803,654.8384567,725.9003313,790.3816111,833.3754112,904.7862303,968.4490298,1013.452386,1006.755335,996.6450498,1008.546166,1062.600566,1109.857173,1074.749319
Low income,LIC,"GNI per capita, Atlas method (current US$)",NY.GNP.PCAP.CD,,,,,,,,,,,,,,,,,,,,,,,,,314.8008826,320.5941686,345.4923986,391.8429567,403.6352235,372.0610035,344.2838942,332.0608239,320.5693534,303.3958211,265.8421663,263.0536279,262.1880508,267.8814124,265.0243654,260.6452083,267.0892674,276.9505252,289.7723994,304.5544355,347.9355377,392.0237911,433.1917241,499.1785315,580.495599,644.2964748,707.7456771,711.9374301,750.2944797,789.0298123,827.9287448,813.7486891,804.0332327,789.7554709,798.2164337,820.8587975,810.7519728
Liechtenstein,LIE,"GNI per capita, Atlas method (current US$)",NY.GNP.PCAP.CD,,,,,,,,,,,,,5120,6500,8210,10150,11190,12370,14760,18510,22610,22620,20320,18770,19020,19730,22870,31170,41490,43620,45470,47570,54350,56680,62010,70050,78570,80150,77660,78660,78870,68260,65050,68450,78700,92710,104050,112190,121900,116440,,,,,,,,,,,
Sri Lanka,LKA,"GNI per capita, Atlas method (current US$)",NY.GNP.PCAP.CD,,,,130,130,130,150,170,160,170,170,170,180,210,250,270,260,260,240,260,280,300,310,310,330,370,410,430,460,440,460,490,550,600,640,690,740,800,820,840,870,830,840,940,1060,1210,1360,1550,1790,2010,2410,2850,3360,3490,3640,3760,3810,3870,4040,4010,3720
Lower middle income,LMC,"GNI per capita, Atlas method (current US$)",NY.GNP.PCAP.CD,,,,,,,,112.2498232,113.2370251,122.5041727,132.3132754,138.7906774,149.2673114,173.8151631,216.9930005,259.4067796,284.6434807,299.1161659,324.5126031,366.8522334,421.2854118,469.8093885,502.1775454,501.0339103,477.6302967,485.4151953,504.9836815,533.1876649,547.6900859,525.6347634,520.44294,521.8006307,523.7305068,504.8502765,503.2125519,538.706552,589.8398975,611.7725815,574.5260005,578.7006117,588.1647003,611.2625088,626.9189928,692.2868975,803.7508021,917.3894413,1038.338073,1207.16266,1387.30082,1509.009245,1656.632906,1821.852676,2016.260993,2119.693434,2160.536902,2118.851705,2128.91234,2174.641748,2290.336294,2360.41068,2200.719959
Low & middle income,LMY,"GNI per capita, Atlas method (current US$)",NY.GNP.PCAP.CD,,,,,,,176.273422,176.3589023,181.0559522,197.1915835,213.4203076,225.7313872,243.8727429,292.1791866,361.8557115,427.7097794,447.9883368,466.508868,501.9013848,575.9003605,660.6026709,711.0923796,706.9416706,668.4524442,654.617058,666.8005711,699.3234772,752.986258,792.9236917,798.2466283,833.0951489,858.8045056,896.1242876,916.5746356,939.4953882,998.7908115,1086.938147,1151.426329,1113.770207,1095.402881,1133.934514,1141.970362,1160.889692,1261.415615,1466.614488,1703.878084,1974.614628,2334.179142,2749.099433,2956.655798,3295.547363,3663.211414,4147.620711,4492.70647,4640.944516,4523.529727,4432.826073,4511.25588,4813.598743,5050.910402,4849.054159
Lesotho,LSO,"GNI per capita, Atlas method (current US$)",NY.GNP.PCAP.CD,,,,,,,80,80,80,80,90,90,100,150,220,230,280,310,340,400,440,510,610,540,490,410,390,420,500,520,550,580,650,660,680,690,700,690,620,610,580,640,590,670,810,1020,1130,1300,1290,1190,1270,1360,1500,1460,1350,1310,1270,1190,1230,1290,1100
Late-demographic dividend,LTE,"GNI per capita, Atlas method (current US$)",NY.GNP.PCAP.CD,,,,,,,193.9725214,190.2184794,194.9639761,216.4187689,240.7806136,256.7247607,281.4686197,343.1037714,411.0184253,469.0722821,477.5030272,511.3212379,558.1027039,642.9611585,723.832753,738.6756974,717.2019591,667.6473023,683.1882132,712.1033577,776.1211606,847.2354989,922.4803891,994.9359893,1019.479747,1140.139876,1157.895727,1179.776302,1216.738223,1379.066449,1566.113501,1704.290591,1651.998038,1588.957699,1634.491635,1645.389664,1722.358704,1917.858292,2276.798506,2690.56036,3190.831525,3877.050752,4701.863082,5132.113971,5771.085818,6500.931151,7470.835208,8273.557227,8683.080846,8514.776436,8358.965236,8564.050604,9351.992959,10028.38337,9911.158769
Lithuania,LTU,"GNI per capita, Atlas method (current US$)",NY.GNP.PCAP.CD,,,,,,,,,,,,,,,,,,,,,,,,,,,,,,,,,,,,,,2600,2860,2980,3210,3450,3820,4700,6020,7580,8820,10610,12680,12460,12570,13320,14100,15340,16070,15180,14890,15270,17440,19000,
Luxembourg,LUX,"GNI per capita, Atlas method (current US$)",NY.GNP.PCAP.CD,,,1630,1680,1870,1920,2020,2070,2240,2560,3030,3350,4070,5230,6890,7930,8510,9080,10650,12940,15480,15490,14930,13490,13060,13130,15610,20090,26020,28700,31500,35370,39210,40270,41570,46020,48610,50650,47100,46470,46460,45630,42630,46000,62800,73810,71580,86210,88000,71220,78220,76260,75450,75500,76470,72470,68670,66380,70840,,
Latvia,LVA,"GNI per capita, Atlas method (current US$)",NY.GNP.PCAP.CD,,,,,,,,,,,,,,,,,,,,,,,,,,,,,,,,,,,,,,2720,2860,2980,3320,3600,3930,4670,5830,7380,8910,11210,13490,14080,12620,13170,13890,14970,15330,15100,14780,14830,16520,17730,
"Macao SAR, China",MAC,"GNI per capita, Atlas method (current US$)",NY.GNP.PCAP.CD,,,,,,,,,,,,,,,,,,,,,,,,,4770,4600,5220,6510,7490,8080,8980,9990,12570,14310,16030,17430,17490,17330,15700,14640,14720,15760,16290,17840,22220,23950,26190,34150,33780,36100,45260,54490,60790,69510,72140,62090,63730,69980,76510,75610,
St. Martin (French part),MAF,"GNI per capita, Atlas method (current US$)",NY.GNP.PCAP.CD,,,,,,,,,,,,,,,,,,,,,,,,,,,,,,,,,,,,,,,,,,,,,,,,,,,,,,,,,,,,,
Morocco,MAR,"GNI per capita, Atlas method (current US$)",NY.GNP.PCAP.CD,,,,,,,,,220,240,250,270,290,350,440,540,580,600,650,780,980,960,940,790,730,680,770,860,1080,1110,1160,1240,1270,1230,1350,1300,1510,1460,1460,1410,1390,1400,1370,1540,1830,2070,2240,2380,2700,2880,2930,3000,2980,3090,3060,3020,2880,2880,3090,3200,2980
Monaco,MCO,"GNI per capita, Atlas method (current US$)",NY.GNP.PCAP.CD,,,,,,,,,,,,,,,,,,,,,,,,,,,,,,,,,,,,,,,,,,,,,,,,,,,,,,,,,,,,,
Moldova,MDA,"GNI per capita, Atlas method (current US$)",NY.GNP.PCAP.CD,,,,,,,,,,,,,,,,,,,,,,,,,,,,,,,,,,,,,,630,580,510,490,500,590,710,910,1120,1280,1440,1870,1950,2380,2730,3140,3620,3740,3300,3180,3330,3920,4580,4570
Madagascar,MDG,"GNI per capita, Atlas method (current US$)",NY.GNP.PCAP.CD,,,130,130,140,140,150,160,170,170,180,180,190,210,260,310,300,310,310,390,500,510,520,480,430,400,400,370,340,300,310,280,290,290,290,280,300,300,300,280,290,300,280,340,340,340,330,380,450,470,470,480,500,520,520,490,470,470,500,510,480
Maldives,MDV,"GNI per capita, Atlas method (current US$)",NY.GNP.PCAP.CD,,,,,,,,,,,,,,,,,,,,,,,,,,,,,,,,,,,,,,1760,1860,1980,2070,2240,2620,3400,3770,3460,4540,4480,5420,5460,5960,6600,6630,6800,7320,7650,8070,8600,9210,9670,6830
Middle East & North Africa,MEA,"GNI per capita, Atlas method (current US$)",NY.GNP.PCAP.CD,,,,,,,,,,,,,,,,,,,,,,,,,,,,,,,,,,,,2360.100785,2572.17939,2731.298015,2752.75362,2748.704203,2905.009037,3002.71132,2961.3603,3163.103819,3631.77014,4133.049133,4730.214799,5442.205286,6342.069562,6539.338871,6961.523719,7361.988979,8283.383783,8773.778258,8752.154304,8077.80855,7686.670649,7273.193733,7396.763546,7516.184601,6917.781096
Mexico,MEX,"GNI per capita, Atlas method (current US$)",NY.GNP.PCAP.CD,,,360,390,440,480,510,560,610,640,680,730,820,990,1210,1460,1540,1480,1590,1890,2560,3270,3000,2400,2200,2270,2080,2040,2090,2370,2790,3250,3770,4490,5310,4790,4620,4660,5000,5510,6210,6740,7100,7360,7820,8050,8690,9250,9780,8820,9040,9310,10050,10270,10500,10160,9390,8920,9180,9480,8480
Marshall Islands,MHL,"GNI per capita, Atlas method (current US$)",NY.GNP.PCAP.CD,,,,,,,,,,,,,,,,,,,,,,,,,,,,,,,,,,,,3070,2690,2590,2690,2830,2960,3110,3100,3130,3280,3440,3310,3450,3280,3470,3550,3570,3480,3880,4030,4250,4200,4390,4780,5010,
Middle income,MIC,"GNI per capita, Atlas method (current US$)",NY.GNP.PCAP.CD,,,,,,,182.439238,182.3595799,187.195783,203.9601712,221.0041703,233.7340704,252.4465059,303.0350879,375.0401062,442.6853379,463.3136616,482.5785611,519.3974248,596.3907538,684.2640684,736.9442947,733.182051,693.6355713,680.1750061,692.9871872,726.4061308,781.1551776,823.352377,831.296407,870.6173417,899.4060515,940.5269736,964.1431537,991.8257838,1056.570571,1152.335484,1222.302109,1182.818886,1164.264325,1206.480401,1215.606053,1236.374779,1345.622622,1566.688236,1823.112633,2116.887664,2506.343167,2955.975872,3181.587635,3551.12506,3957.390093,4490.065416,4870.91423,5036.25279,4913.982817,4820.682606,4914.400337,5254.390429,5522.534371,5307.829757
North Macedonia,MKD,"GNI per capita, Atlas method (current US$)",NY.GNP.PCAP.CD,,,,,,,,,,,,,,,,,,,,,,,,,,,,,,,,,1750,1460,1400,1790,2190,2210,2010,1910,1910,1820,1820,2080,2560,2990,3310,3580,4330,4610,4710,4810,4740,5000,5200,5110,4980,4920,5490,5840,5720
Mali,MLI,"GNI per capita, Atlas method (current US$)",NY.GNP.PCAP.CD,,,,,,,,,,60,60,70,80,90,100,120,140,160,170,220,250,240,200,170,160,180,200,240,290,290,290,320,330,320,280,270,270,280,280,290,280,300,290,350,400,460,500,530,610,660,700,730,730,780,810,800,780,770,830,870,830
Malta,MLT,"GNI per capita, Atlas method (current US$)",NY.GNP.PCAP.CD,,,,,,,,,,,,,1090,1260,1560,1990,2120,2320,2660,3300,4280,4670,4550,3940,3830,3690,4000,4930,6260,6910,7600,7940,8720,8570,8600,9250,10010,10530,10260,10710,11400,10950,10710,12170,14100,15660,16350,17580,20410,20310,21370,22120,22160,23370,24560,25230,23590,24140,27090,28340,25370
Myanmar,MMR,"GNI per capita, Atlas method (current US$)",NY.GNP.PCAP.CD,,,,,,,,,,,,,,,,,,,,,,,,,,,,,,,,,,,,,,,,,,120,120,150,210,230,270,360,510,730,900,1040,1070,1120,1130,1160,1150,1200,1280,1360,1260
Middle East & North Africa (excluding high income),MNA,"GNI per capita, Atlas method (current US$)",NY.GNP.PCAP.CD,,,,,,,,,,,,,,,,,,,,,,,,,,,,,,,,,,,,1154.309127,1312.565657,1423.010574,1474.441472,1521.0349,1595.940139,1637.788421,1608.086527,1662.53224,1883.440909,2129.595155,2422.115411,2839.757754,3359.958556,3678.567328,3996.393742,4095.817575,4581.663213,4745.246512,4613.820393,4161.980242,4084.889071,3853.656639,3662.562435,3525.208622,3162.570613
Montenegro,MNE,"GNI per capita, Atlas method (current US$)",NY.GNP.PCAP.CD,,,,,,,,,,,,,,,,,,,,,,,,,,,,,,,,,,,,,,,,,,,1970,2440,3100,3660,4320,5120,6470,6740,6920,7260,7000,7330,7320,7260,7090,7410,8450,9070,7900
Mongolia,MNG,"GNI per capita, Atlas method (current US$)",NY.GNP.PCAP.CD,,,,,,,,,,,,,,,,,,,,,,,,1440,1320,1230,1350,1520,1690,1590,1430,1200,810,510,430,460,550,580,520,480,470,480,530,610,760,900,1120,1410,1800,1790,2000,2590,3650,4330,4210,3820,3500,3230,3630,3790,3670
Northern Mariana Islands,MNP,"GNI per capita, Atlas method (current US$)",NY.GNP.PCAP.CD,,,,,,,,,,,,,,,,,,,,,,,,,,,,,,,,,,,,,,,,,,,,,,,,,,,,,,,,,,,,,
Mozambique,MOZ,"GNI per capita, Atlas method (current US$)",NY.GNP.PCAP.CD,,,,,,,,,,,,,,,,,,,,,,,,,,,,,,,,,,210,190,190,210,250,290,330,320,320,290,320,360,400,420,460,500,540,520,540,600,670,690,640,530,470,460,490,460
Mauritania,MRT,"GNI per capita, Atlas method (current US$)",NY.GNP.PCAP.CD,,,,180,230,260,260,270,290,280,290,280,290,340,480,510,540,550,570,640,710,720,670,640,610,580,610,670,740,760,730,810,920,970,870,900,970,870,830,820,730,650,650,710,800,940,1140,1220,1380,1450,1500,1600,1760,1850,1750,1640,1510,1500,1580,1660,1640
Mauritius,MUS,"GNI per capita, Atlas method (current US$)",NY.GNP.PCAP.CD,,,,,,,,,,,,,,,,,,,1010,1220,1240,1280,1190,1070,1030,1060,1250,1620,2060,2220,2430,2620,2990,3120,3230,3470,3780,3900,3780,3660,3900,3970,3960,4410,5170,5600,5930,6490,7400,7800,8080,8400,9550,10520,10820,10700,10640,10980,12270,12900,10230
Malawi,MWI,"GNI per capita, Atlas method (current US$)",NY.GNP.PCAP.CD,,,50,50,50,50,60,60,60,60,60,70,80,90,110,130,130,130,150,170,190,190,180,170,170,160,150,150,160,160,180,210,200,220,160,160,170,200,200,180,160,140,170,220,300,300,310,330,370,410,450,490,460,410,370,350,340,370,430,550,580
Malaysia,MYS,"GNI per capita, Atlas method (current US$)",NY.GNP.PCAP.CD,,,240,250,270,300,320,330,340,350,370,390,440,570,750,860,920,970,1130,1450,1790,1930,1860,1810,1950,1920,1860,1960,2140,2260,2400,2560,2880,3230,3600,4050,4500,4620,3640,3380,3460,3550,3790,4160,4740,5270,5840,6630,7510,7600,8260,9050,10180,10840,11140,10680,10150,9950,10650,11230,10580
North America,NAC,"GNI per capita, Atlas method (current US$)",NY.GNP.PCAP.CD,,,3189.420063,3317.454753,3503.457099,3762.668324,4066.822606,4235.283203,4594.950574,4911.526488,5061.308642,5433.079499,6066.95118,7043.431407,7711.565618,8214.049095,8648.693982,9256.638354,10385.46774,11773.71625,12913.12441,13853.28072,13709.9741,14046.10973,15624.60362,16835.90376,18419.87534,20615.85914,22630.93409,22875.80033,23149.65989,23355.90969,24713.78692,25400.6524,26624.76065,27959.87159,29149.5003,30123.23534,30862.52944,32450.15615,34661.79515,35377.41303,35975.53367,38405.80136,42182.69265,45076.38456,46963.57916,47974.0185,48663.34734,47306.43111,48558.0562,50254.56336,52598.12074,53827.68423,55483.96413,55835.12629,55937.10805,57798.06244,61632.71925,63921.6056,
Namibia,NAM,"GNI per capita, Atlas method (current US$)",NY.GNP.PCAP.CD,,,,,,,,,,,,,,,,,,,,,,,1980,1840,1670,1320,1340,1600,1690,1850,1990,2150,2300,2200,2270,2460,2510,2500,2370,2240,2240,2090,2010,2280,2900,3530,4030,4230,4320,4250,4500,5130,5730,5950,5790,5310,4740,4620,4950,5180,4520
New Caledonia,NCL,"GNI per capita, Atlas method (current US$)",NY.GNP.PCAP.CD,,,,,,,,1830,2160,2520,3220,3420,3780,3990,5270,6400,6440,6580,6980,6900,7980,7940,7160,5920,5480,5510,6170,8070,13270,14530,14760,15200,16070,16340,16780,18220,18240,17810,15730,14810,14020,,,,,,,,,,,,,,,,,,,,
Niger,NER,"GNI per capita, Atlas method (current US$)",NY.GNP.PCAP.CD,,,150,160,160,170,170,170,160,150,150,160,150,160,210,230,220,230,280,350,410,390,360,290,210,220,250,270,330,320,340,360,420,390,300,260,240,240,250,240,220,220,220,250,280,330,360,380,440,480,520,520,550,570,590,560,530,520,570,600,540
Nigeria,NGA,"GNI per capita, Atlas method (current US$)",NY.GNP.PCAP.CD,,,100,110,110,110,110,100,100,120,170,180,200,220,340,400,510,560,560,640,760,970,1260,1450,1130,970,790,710,680,550,560,510,510,360,310,310,390,440,440,460,470,530,630,710,870,1030,1350,1610,1960,2040,2140,2180,2440,2690,2940,2820,2430,2090,1960,2030,2000
Nicaragua,NIC,"GNI per capita, Atlas method (current US$)",NY.GNP.PCAP.CD,,,140,150,160,200,230,290,290,310,310,320,330,380,510,570,600,680,650,500,600,660,680,680,700,690,750,860,680,360,310,220,240,290,450,610,880,880,880,930,960,970,960,1000,1080,1160,1200,1290,1390,1380,1460,1570,1670,1740,1830,1890,1960,2030,1970,1900,1850
Netherlands,NLD,"GNI per capita, Atlas method (current US$)",NY.GNP.PCAP.CD,,,1220,1310,1460,1700,1840,2000,2230,2550,2890,3290,3850,5070,6370,7630,8350,9100,10460,12760,14830,14000,12350,11070,10730,10330,11690,14720,18570,19540,20320,21280,23520,24040,25370,27690,29750,29800,28260,28670,28810,27390,27020,30950,37280,42050,45910,49110,52670,53670,53900,54480,52930,52950,51980,49810,46900,47110,51250,53010,
Norway,NOR,"GNI per capita, Atlas method (current US$)",NY.GNP.PCAP.CD,,,1610,1710,1860,2050,2240,2470,2630,2850,3120,3570,4230,5320,6750,8380,9150,9960,11110,13110,15650,16410,15750,14930,15140,15710,17550,20830,23970,25080,26500,27820,30780,30210,30850,32690,35790,37910,36100,35540,36540,38220,39890,44750,54140,63830,70020,78470,87470,87830,88490,90330,99110,104190,104370,92910,81370,75650,80320,81620,78250
Nepal,NPL,"GNI per capita, Atlas method (current US$)",NY.GNP.PCAP.CD,,,50,50,50,50,70,80,70,70,70,70,80,80,100,110,120,120,120,130,140,160,150,140,160,160,170,180,200,210,210,210,200,190,200,200,210,220,210,220,230,240,240,260,280,310,340,370,430,480,540,630,770,860,880,890,880,990,1120,1230,1190
Nauru,NRU,"GNI per capita, Atlas method (current US$)",NY.GNP.PCAP.CD,,,,,,,,,,,,,,,,,,,,,,,,,,,,,,,,,,,,,,,,,,,,,,,,,,,,,8870,13000,14920,13690,12730,12370,14320,16630,
New Zealand,NZL,"GNI per capita, Atlas method (current US$)",NY.GNP.PCAP.CD,,,,,,,,,,,,,,,,,,,,6530,7670,8240,7860,7370,7010,6950,7860,10010,12550,13570,13640,12160,12050,12360,13400,15280,16730,17160,15790,15040,14080,13810,14170,16960,21500,25440,26400,28150,28630,29690,29680,32230,36700,39930,41680,40650,39440,38910,41680,42610,
OECD members,OED,"GNI per capita, Atlas method (current US$)",NY.GNP.PCAP.CD,,,1444.385764,1529.764713,1644.114016,1779.523734,1936.083115,2055.228745,2248.37197,2441.479124,2579.66834,2807.12084,3212.238303,3917.878366,4565.985017,5099.62427,5376.930486,5751.801594,6563.390615,7864.350459,9070.982213,9433.614692,8957.419271,8553.767498,8843.670306,9254.372718,10402.13058,12464.56716,15140.73853,15930.23979,16664.68751,17316.73924,18794.35516,19269.57193,20267.97686,21558.94729,22551.95528,22634.23154,21830.29756,22107.67533,23065.30953,23035.54859,22900.53646,24627.00142,28063.70121,30898.195,32424.17999,33680.67041,35065.02912,34425.7714,35347.92309,36499.12138,37646.08618,38283.98381,38404.64319,37294.65609,36409.43194,36596.8917,38933.68021,40087.44706,
Oman,OMN,"GNI per capita, Atlas method (current US$)",NY.GNP.PCAP.CD,,,,,,,,160,230,280,320,330,360,310,700,1510,2770,2720,2650,3070,3960,5480,6210,6160,6320,6560,5930,5390,5210,5660,5710,6040,6510,6280,6160,6270,6470,6810,6530,6370,7070,7830,8000,8290,9410,10690,12660,14560,17430,17740,17600,17010,19360,20310,19010,17450,15750,13970,14110,14150,
Other small states,OSS,"GNI per capita, Atlas method (current US$)",NY.GNP.PCAP.CD,,,,,,,,,,,,,,,,,,,,,,,,,,,,,,,,,,,,,,,,,,,4213.073572,4713.123723,5714.036312,6865.118023,8307.351863,9774.856609,11186.46172,11030.2456,11522.28273,12472.9464,13800.06987,14877.93675,15097.50359,14100.43659,12962.31042,12251.26461,13009.79034,13592.23095,12324.53693
Pakistan,PAK,"GNI per capita, Atlas method (current US$)",NY.GNP.PCAP.CD,,,90,100,100,110,120,130,150,160,170,180,170,150,150,160,180,200,240,270,320,350,360,350,350,340,360,370,400,400,400,400,430,440,440,470,480,470,450,440,480,510,530,570,660,740,800,860,920,950,970,1030,1120,1210,1230,1260,1310,1400,1480,1410,1280
Panama,PAN,"GNI per capita, Atlas method (current US$)",NY.GNP.PCAP.CD,,,490,530,550,590,630,670,710,770,810,890,960,1090,1220,1370,1350,1360,1570,1760,2200,2410,2590,2530,2530,2820,2860,3280,2740,2570,2660,2730,3020,3260,3440,3470,3560,3600,3690,3760,3910,3840,3970,4110,4510,4790,5100,5770,6540,6900,7260,8550,9540,10630,11190,12200,12780,13750,14480,14900,11880
Peru,PER,"GNI per capita, Atlas method (current US$)",NY.GNP.PCAP.CD,,,290,300,340,380,450,490,470,480,500,560,630,740,930,1080,1070,1020,870,910,1020,1170,1130,920,890,840,840,950,790,790,840,1220,1420,1550,1760,1950,2150,2280,2150,2030,1970,1900,1960,2080,2280,2540,2810,3210,3790,3970,4410,4970,5790,6420,6530,6340,6110,6060,6470,6790,6010
Philippines,PHL,"GNI per capita, Atlas method (current US$)",NY.GNP.PCAP.CD,,,220,190,170,180,200,210,220,240,220,220,220,260,320,380,420,450,500,590,700,750,740,680,570,520,540,600,660,700,720,730,770,820,920,1020,1160,1230,1200,1180,1150,1160,1130,1170,1290,1380,1490,1720,2000,2170,2370,2520,2860,3160,3330,3380,3450,3530,3710,3850,3430
Palau,PLW,"GNI per capita, Atlas method (current US$)",NY.GNP.PCAP.CD,,,,,,,,,,,,,,,,,,,,,,,,,,,,,,,,,,,,,,,,,,,9200,8810,9420,10350,10830,11780,11800,11090,11400,12270,12760,12870,14150,15860,16680,16650,17810,16500,
Papua New Guinea,PNG,"GNI per capita, Atlas method (current US$)",NY.GNP.PCAP.CD,,,110,120,120,140,150,160,180,200,220,240,270,350,440,490,470,470,570,640,710,720,650,610,600,610,640,690,790,800,740,790,840,980,1030,950,930,850,720,630,570,510,480,470,540,650,790,1070,1400,1510,1740,1820,2270,2500,2990,2860,2710,2590,2600,2750,2660
Poland,POL,"GNI per capita, Atlas method (current US$)",NY.GNP.PCAP.CD,,,,,,,,,,,,,,,,,,,,,,,,,,,,,,,,,2080,2480,2760,3240,3830,4230,4350,4430,4670,4710,4900,5500,6250,7340,8460,9940,11980,12500,12740,12890,13160,13390,13560,13310,12720,12730,14150,15350,15270
Pre-demographic dividend,PRE,"GNI per capita, Atlas method (current US$)",NY.GNP.PCAP.CD,,,,,,,,,,,,,,,,,,,,,608.3697304,651.2560266,690.6357812,678.4659473,588.9727287,560.8067673,555.3478095,594.386817,613.9733001,580.2704605,706.1086166,392.872971,378.5775372,325.3707479,292.6325221,301.2580314,331.6635704,373.1689213,379.4155062,398.1566802,415.2601053,434.761426,454.6579849,468.9449081,577.708069,667.1775522,804.6629669,956.3807675,1167.272531,1251.298633,1325.628634,1365.398593,1538.779422,1669.415067,1745.976882,1651.096884,1500.843099,1372.821154,1372.764919,1426.590915,1343.5873
Puerto Rico,PRI,"GNI per capita, Atlas method (current US$)",NY.GNP.PCAP.CD,,,820,900,960,1060,1160,1240,1370,1560,1750,1910,2100,2380,2590,2660,2650,2740,2980,3390,3720,3890,3770,3670,3970,4280,4750,5350,5860,6050,5950,6300,6760,7100,7370,7820,8130,8510,8690,9590,10550,10950,11250,12170,14260,14750,15030,15860,16360,16580,16920,17670,18680,19170,19280,19420,19710,20000,21080,22060,21740
"Korea, Dem. People's Rep.",PRK,"GNI per capita, Atlas method (current US$)",NY.GNP.PCAP.CD,,,,,,,,,,,,,,,,,,,,,,,,,,,,,,,,,,,,,,,,,,,,,,,,,,,,,,,,,,,,,
Portugal,PRT,"GNI per capita, Atlas method (current US$)",NY.GNP.PCAP.CD,,,410,430,470,520,570,640,730,790,950,1070,1270,1700,2070,2210,2330,2430,2530,2870,3350,3420,3230,2830,2520,2530,3080,4160,5630,6320,7130,8180,9860,10100,10450,11210,12100,12370,12190,12260,12170,11830,11750,13260,16140,18580,19390,20850,22590,22920,22960,22720,21150,21370,21190,20440,19930,20040,22030,23150,22000
Paraguay,PRY,"GNI per capita, Atlas method (current US$)",NY.GNP.PCAP.CD,,,,,,,,,,,,,,,,,,,,,,,,,,,,,,,,,,,,1680,1840,1840,1730,1600,1440,1410,1330,1230,1350,1520,1840,2320,3080,3450,4070,4480,4750,5510,5810,5640,5400,5370,5600,5510,5140
West Bank and Gaza,PSE,"GNI per capita, Atlas method (current US$)",NY.GNP.PCAP.CD,,,,,,,,,,,,,,,,,,,,,,,,,,,,,,,,,,,,,1470,1630,1780,1800,1550,1370,1190,1370,1640,1780,1710,1790,2040,2250,2510,2880,3210,3470,3560,3670,3900,3930,4190,4270,3710
Pacific island small states,PSS,"GNI per capita, Atlas method (current US$)",NY.GNP.PCAP.CD,,,,,,,,,,,,,,,,,,,,,,,1470.367559,1321.046582,1359.875765,1298.62181,1415.176607,1405.788479,1443.333457,1456.244133,1484.531916,1489.202066,1651.836525,1726.980409,1860.416811,2056.374026,2191.149042,2145.546595,1993.209073,1997.067376,1900.924248,1836.507566,1799.646306,1930.961444,2266.136185,2589.518898,2665.241211,2822.633477,2992.241996,2959.208029,2957.862189,3119.464128,3367.353625,3752.278257,3889.582244,3916.893909,3949.530161,4013.54165,4300.857006,4351.736747,3744.483939
Post-demographic dividend,PST,"GNI per capita, Atlas method (current US$)",NY.GNP.PCAP.CD,,,1515.019151,1606.549618,1728.511645,1874.755007,2043.562825,2174.182402,2382.347605,2594.254227,2746.91411,2997.37391,3441.861503,4210.514883,4907.703227,5489.027712,5798.7257,6227.709134,7128.581673,8554.772063,9865.498707,10236.49652,9768.439539,9397.679087,9777.189025,10263.16747,11608.73281,13982.11475,17067.50143,17978.21702,18788.55871,19555.20135,21210.23441,21699.99918,22807.5928,24344.82673,25522.65306,25643.33753,24681.76969,25007.82996,26058.74492,26072.86411,25925.05543,27957.18705,31917.09778,35151.12258,36848.6823,38220.33572,39749.06087,39121.07374,40224.92765,41584.62041,42868.47309,43609.59346,43772.71381,42563.67048,41755.71766,42178.73555,45044.07042,46520.12465,
French Polynesia,PYF,"GNI per capita, Atlas method (current US$)",NY.GNP.PCAP.CD,,,,,,,,2090,2520,2430,2400,2640,2660,3320,4580,5100,5590,5890,6760,7980,9140,9600,9130,8190,8030,8340,10250,13000,15360,14940,15270,16030,17260,17400,17470,17920,17780,17250,16660,16170,15770,,,,,,,,,,,,,,,,,,,,
Qatar,QAT,"GNI per capita, Atlas method (current US$)",NY.GNP.PCAP.CD,,,,,,,,,,,,,,,,,,,,,,,,,,,,,,,,,,,,,,,,,,,28400,30680,36160,38260,50810,58030,65580,61250,63620,66950,72880,79390,80890,73440,64550,56920,58830,61180,56210
Romania,ROU,"GNI per capita, Atlas method (current US$)",NY.GNP.PCAP.CD,,,,,,,,,,,,,,,,,,,,,,,,,,,,,,,,,1250,1190,1270,1490,1640,1590,1580,1610,1710,1760,1950,2250,2960,3880,4900,6390,8800,9220,8640,8650,8760,9320,9700,9600,9620,10110,11430,12610,12570
Russian Federation,RUS,"GNI per capita, Atlas method (current US$)",NY.GNP.PCAP.CD,,,,,,,,,,,,,,,,,,,,,,,,,,,,,,,,3440,3090,2920,2650,2640,2600,2650,2130,1750,1710,1780,2100,2590,3410,4450,5810,7560,9580,9230,9980,11060,13490,15190,14630,11780,9730,9210,10250,11250,10690
Rwanda,RWA,"GNI per capita, Atlas method (current US$)",NY.GNP.PCAP.CD,,,40,40,40,40,40,50,50,50,60,60,60,70,80,100,130,160,180,230,270,280,270,260,250,260,290,320,350,350,350,320,340,310,150,210,220,260,260,280,280,270,260,250,270,320,360,410,490,550,600,650,700,720,740,750,740,730,780,830,780
South Asia,SAS,"GNI per capita, Atlas method (current US$)",NY.GNP.PCAP.CD,,,86.67047607,93.94381913,104.557806,109.3369254,105.3871909,106.5784504,103.9898574,111.3513662,117.9773509,121.9108025,125.7766012,141.9911037,164.5321073,187.6641215,181.741679,184.7031729,203.5334976,222.2445949,267.0383044,293.2119375,287.2702426,281.2284213,279.3341412,288.9465511,308.49671,343.5494876,381.4923385,378.9012241,375.4349662,347.971187,349.7009228,335.4148507,349.2887208,374.6816415,406.1583854,414.1460722,415.4553542,435.8322579,445.1202017,454.6663114,461.4257826,513.937068,599.6663068,688.3269944,762.1388054,871.0159769,949.1960289,1053.020394,1147.131888,1277.136126,1390.227472,1437.195866,1480.772048,1525.851613,1603.4678,1733.82187,1904.508456,1996.42412,1820.600301
Saudi Arabia,SAU,"GNI per capita, Atlas method (current US$)",NY.GNP.PCAP.CD,,,,,,,,,,,930,1000,1150,1600,3160,4500,8020,8770,8890,11170,14270,16530,13970,11320,10130,9010,9140,7700,7630,7080,7390,8310,8500,8050,7720,7810,8030,8230,8010,7650,8150,8520,8370,9480,11040,12650,14160,15800,18460,17900,18750,20880,24040,25440,25550,23710,21610,19990,21610,22840,21930
Sudan,SDN,"GNI per capita, Atlas method (current US$)",NY.GNP.PCAP.CD,,,140,140,140,140,140,140,150,160,170,180,190,220,290,380,440,480,460,490,480,500,470,430,380,390,540,790,780,720,530,450,340,310,320,400,400,380,340,330,340,350,380,430,500,600,700,910,1080,1150,1320,1360,1520,1400,1490,1540,1500,1310,1040,820,650
Senegal,SEN,"GNI per capita, Atlas method (current US$)",NY.GNP.PCAP.CD,,,,,,,,,340,310,320,320,350,370,450,560,600,590,580,720,840,840,770,600,560,560,640,830,950,940,920,930,980,930,770,740,700,710,690,690,670,650,630,730,870,990,1030,1100,1250,1330,1330,1300,1320,1340,1370,1320,1270,1280,1390,1430,1430
Singapore,SGP,"GNI per capita, Atlas method (current US$)",NY.GNP.PCAP.CD,,,490,530,510,540,590,660,750,850,970,1090,1280,1600,2090,2660,2930,3020,3370,3990,4730,5380,5680,6170,6930,7100,7330,8080,9320,10320,11450,12970,15270,17710,20780,23630,25620,27730,24010,23360,23680,22130,22000,23440,26150,28820,32550,36010,37230,37320,44930,48290,51740,54480,56380,53160,53060,54460,56900,58390,54920
Solomon Islands,SLB,"GNI per capita, Atlas method (current US$)",NY.GNP.PCAP.CD,,,,,,,,,,,,,,,,,,,,,,,760,710,670,610,580,590,600,590,630,660,800,860,1000,1200,1320,1310,1230,1160,980,920,830,860,900,980,1040,1120,1230,1310,1470,1620,1820,2160,2200,2130,2150,2220,2360,2370,2300
Sierra Leone,SLE,"GNI per capita, Atlas method (current US$)",NY.GNP.PCAP.CD,,,,,150,160,150,140,140,150,160,160,170,190,220,250,220,210,240,310,370,360,350,300,290,240,170,180,170,210,190,170,130,160,160,180,210,200,170,150,140,150,200,270,280,290,300,360,420,440,420,430,530,660,700,550,490,520,490,540,490
El Salvador,SLV,"GNI per capita, Atlas method (current US$)",NY.GNP.PCAP.CD,,,,,,,,300,300,300,310,320,350,380,440,480,530,610,710,780,760,730,680,670,690,720,760,820,860,860,900,930,1060,1170,1290,1480,1590,1690,1750,1810,1900,1950,2000,2130,2270,2420,2570,2680,2870,2820,2880,3060,3210,3350,3400,3440,3510,3600,3820,3990,3650
San Marino,SMR,"GNI per capita, Atlas method (current US$)",NY.GNP.PCAP.CD,,,,,,,,,,,,,,,,,,,,,,,,,,,,,,,,,,,,,,,,,,,,,,,,,,,,,,,,,,,,,
Somalia,SOM,"GNI per capita, Atlas method (current US$)",NY.GNP.PCAP.CD,,,70,70,70,70,80,90,90,90,100,100,120,140,130,190,180,160,130,110,100,110,110,100,110,120,130,150,150,150,130,,,,,,,,,,,,,,,,,,,,,,,,,290,290,290,310,320,310
Serbia,SRB,"GNI per capita, Atlas method (current US$)",NY.GNP.PCAP.CD,,,,,,,,,,,,,,,,,,,,,,,,,,,,,,,,,,,,,,2990,2990,2610,1610,1540,1520,2390,3250,3830,4200,4830,6030,6450,6220,6190,6080,6460,6240,5960,5700,5570,6410,7030,7400
Sub-Saharan Africa (excluding high income),SSA,"GNI per capita, Atlas method (current US$)",NY.GNP.PCAP.CD,,,117.1637072,123.8849994,129.7583438,137.2473114,142.4860872,146.1666688,152.5594697,165.3399061,186.0559592,198.291932,211.4875208,244.8583237,320.3752004,374.15443,401.2004014,412.6814179,434.1657096,508.0778208,606.3233298,697.7168721,732.6835513,721.2262187,633.6719124,571.7421734,549.4055673,587.0985835,636.9583532,623.1022092,608.9214399,617.3732263,622.6407453,588.2263126,562.5381781,575.6932797,593.8377008,608.8838571,574.3415646,563.2481795,556.6888878,550.6799931,559.6678285,609.8446268,740.3340469,903.893583,1049.124147,1180.949993,1332.5305,1379.472251,1452.529303,1529.314405,1670.753555,1755.111082,1804.543045,1715.012231,1568.517384,1488.222937,1516.466391,1558.870227,1477.59533
South Sudan,SSD,"GNI per capita, Atlas method (current US$)",NY.GNP.PCAP.CD,,,,,,,,,,,,,,,,,,,,,,,,,,,,,,,,,,,,,,,,,,,,,,,,,,,,810,850,1160,1250,1090,,,,,
Sub-Saharan Africa,SSF,"GNI per capita, Atlas method (current US$)",NY.GNP.PCAP.CD,,,117.1910091,123.9153124,129.7903254,137.2765055,142.521906,146.1985756,152.5892887,165.3627851,186.0763672,198.3210546,211.5277379,244.9174617,320.4428755,374.2260207,401.2723591,412.7416228,434.275508,508.2752306,606.556672,697.9558757,732.9051181,721.4249851,633.8904089,572.0108666,549.7086595,587.4697389,637.424248,623.641962,609.519616,617.9846692,623.3440709,588.9853776,563.3222057,576.4564739,594.625056,609.7336908,575.1886817,564.0879106,557.5144243,551.4884194,560.4226174,610.6400222,741.2916962,905.0163263,1050.380964,1182.131898,1333.572058,1380.384709,1453.433185,1530.199011,1671.702988,1756.155032,1805.631238,1716.167011,1569.653924,1489.398187,1517.717617,1560.139441,1478.569623
Small states,SST,"GNI per capita, Atlas method (current US$)",NY.GNP.PCAP.CD,,,,,,,,,,,,,,,,,,,,,,,,,,,,,,,,,,,,,,,,,,,4270.403859,4738.092562,5614.570343,6584.495568,7792.566507,9023.980285,10261.21941,10081.49383,10476.95359,11171.43002,12320.8809,13241.15486,13414.84843,12677.49242,11745.20711,11217.08123,11871.36339,12398.46417,11189.63686
Sao Tome and Principe,STP,"GNI per capita, Atlas method (current US$)",NY.GNP.PCAP.CD,,,,,,,,,,,,,,,,,,,,,,,,,,,,,,,,,,,,,,,,,,,,600,700,820,940,960,1020,1060,1130,1180,1230,1430,1630,1650,1690,1700,1870,1950,2070
Suriname,SUR,"GNI per capita, Atlas method (current US$)",NY.GNP.PCAP.CD,,,270,230,250,370,450,510,520,530,570,610,690,770,980,1320,1420,1640,1930,2170,2290,2640,2510,2320,2340,2380,2460,2520,2980,2230,1420,1140,1040,970,1100,1320,1630,1840,2050,1950,1970,1670,1930,2200,2820,3320,4040,5050,6330,6960,7620,7920,8550,8950,9260,8890,6930,5930,5960,6340,5510
Slovak Republic,SVK,"GNI per capita, Atlas method (current US$)",NY.GNP.PCAP.CD,,,,,,,,,,,,,,,,,,,,,,,,,,,,,,,,,,,,4220,5020,5420,5430,5380,5530,5720,6020,6960,9030,11350,12940,14930,17250,17100,17430,17440,17800,18250,18310,17670,16790,16600,18300,19200,18700
Slovenia,SVN,"GNI per capita, Atlas method (current US$)",NY.GNP.PCAP.CD,,,,,,,,,,,,,,,,,,,,,,,,,,,,,,,,,,,,,,11240,11000,11320,11270,10950,10920,12630,15610,18310,19820,21790,24620,24380,24540,24580,23250,23230,23610,22250,21770,22120,24580,25910,
Sweden,SWE,"GNI per capita, Atlas method (current US$)",NY.GNP.PCAP.CD,,,2310,2490,2740,2960,3190,3460,3770,4100,4690,4990,5670,7050,8580,10160,10720,11290,12460,14790,17300,17530,15760,13550,13020,13080,15330,19360,24190,26090,27760,29110,31340,28200,27690,28070,30400,31390,31110,31300,31610,29720,29090,32750,39790,45770,49150,52310,55720,52640,54630,56700,59090,61800,61870,58420,54360,53030,55640,56090,53800
Eswatini,SWZ,"GNI per capita, Atlas method (current US$)",NY.GNP.PCAP.CD,,,,,,,,,,,,,300,370,470,,,,,,,,,,,,,,,,1290,1350,1570,1580,1570,1820,1930,1960,1740,1730,1670,1700,1570,1700,2160,3080,3300,3480,3360,3320,3460,3860,4310,4420,4130,3800,3450,3390,3620,3670,3580
Sint Maarten (Dutch part),SXM,"GNI per capita, Atlas method (current US$)",NY.GNP.PCAP.CD,,,,,,,,,,,,,,,,,,,,,,,,,,,,,,,,,,,,,,,,,,,,,,,,,,,,,,27540,28670,29560,30890,28210,27680,,
Seychelles,SYC,"GNI per capita, Atlas method (current US$)",NY.GNP.PCAP.CD,,,290,310,330,320,360,350,350,330,350,410,480,630,770,870,910,870,1170,1760,2110,2300,2290,2190,2220,2490,2740,3200,3970,4540,5030,5200,6000,6390,6530,6460,6740,7330,7320,7290,7290,7310,6850,7490,9280,11140,12580,12280,11180,10230,10220,10570,11540,12700,13350,14020,13840,14350,15440,15930,12720
Syrian Arab Republic,SYR,"GNI per capita, Atlas method (current US$)",NY.GNP.PCAP.CD,,,250,230,250,270,250,280,300,370,360,410,500,500,710,970,1090,1050,1170,1280,1570,1760,1750,1710,1650,1700,1480,1270,1190,890,910,990,1110,1070,970,900,850,850,920,890,970,1110,1210,1240,1380,1510,1620,1820,,,,,,,,,,,,,
Turks and Caicos Islands,TCA,"GNI per capita, Atlas method (current US$)",NY.GNP.PCAP.CD,,,,,,,,,,,,,,,,,,,,,,,,,,,,,,,,,,,,,,,,,,,,,,,,,,,,,,,23280,25530,27300,26200,28340,30700,
Chad,TCD,"GNI per capita, Atlas method (current US$)",NY.GNP.PCAP.CD,,,110,110,110,120,120,130,130,140,140,140,150,160,190,230,220,230,240,220,240,230,210,190,180,210,210,210,270,270,270,290,330,240,220,210,200,210,220,200,180,190,200,210,340,470,530,630,700,830,910,890,960,970,980,880,730,640,680,700,660
East Asia & Pacific (IDA & IBRD countries),TEA,"GNI per capita, Atlas method (current US$)",NY.GNP.PCAP.CD,,,72.06823795,78.38892554,87.13742125,98.72555307,106.8130979,100.7466537,97.54574634,109.3028876,122.4305302,125.8781789,132.9352569,160.5109858,187.8752536,218.5921461,213.771725,227.3512708,241.179526,266.2797865,294.3304859,311.3925893,310.9363752,306.8770739,325.2159514,347.9416455,369.5092079,385.9538866,405.6687933,407.4537813,423.0409589,453.4667426,503.5626274,546.9880136,614.0950518,706.4181567,822.2238973,891.1361195,836.7215761,861.0904101,920.1492549,992.8036603,1075.276365,1222.508721,1438.514036,1653.758924,1914.116036,2298.065415,2800.986997,3251.305524,3800.539202,4389.075653,5127.310327,5766.027001,6273.931419,6538.070695,6748.817942,7090.672007,7768.606141,8371.225528,8450.203539
Europe & Central Asia (IDA & IBRD countries),TEC,"GNI per capita, Atlas method (current US$)",NY.GNP.PCAP.CD,,,,,,,,,,,,,,,,,,,,,,,,,,,,,,,,2544.154102,2398.328207,2344.547586,2072.324091,2080.533058,2129.633501,2230.70648,2101.989114,1986.218999,2082.589158,2012.924173,2175.649456,2544.890792,3258.349919,4128.225152,5048.430434,6208.161513,7571.595296,7533.210973,7988.839303,8568.56415,9659.526133,10543.40301,10479.25734,9251.920948,8189.151269,7926.813722,8439.803007,8897.699364,8560.663192
Togo,TGO,"GNI per capita, Atlas method (current US$)",NY.GNP.PCAP.CD,,,90,90,100,110,120,120,130,140,130,130,140,170,220,260,270,290,330,350,420,390,320,250,230,230,250,310,390,400,400,400,420,330,310,300,310,350,330,310,310,290,300,350,390,400,410,420,470,530,560,610,590,620,640,640,670,720,880,920,920
Thailand,THA,"GNI per capita, Atlas method (current US$)",NY.GNP.PCAP.CD,,,110,120,130,140,160,170,180,190,210,210,220,260,330,380,420,450,530,610,710,760,760,760,790,790,830,950,1160,1320,1490,1660,1880,2130,2400,2740,2950,2680,2080,1980,1980,1960,1990,2180,2530,2790,3100,3530,3970,4140,4580,4950,5520,5720,5760,5710,5700,5970,6610,7260,7050
Tajikistan,TJK,"GNI per capita, Atlas method (current US$)",NY.GNP.PCAP.CD,,,,,,,,,,,,,,,,,,,,,,,,,,,,,,,,,280,240,220,210,170,170,180,180,170,160,170,210,270,380,470,580,750,800,920,1020,1150,1330,1350,1260,1110,1030,1030,1070,1060
Turkmenistan,TKM,"GNI per capita, Atlas method (current US$)",NY.GNP.PCAP.CD,,,,,,,,,,,,,,,,,,,,,,,,,,,,,,,,,,840,530,620,610,550,560,620,600,650,750,990,1310,1590,1890,2320,3040,3550,4070,4730,5560,6510,7200,7030,6830,6380,6740,7220,
Latin America & the Caribbean (IDA & IBRD countries),TLA,"GNI per capita, Atlas method (current US$)",NY.GNP.PCAP.CD,,,,,,,478.1018164,488.7358137,523.5673443,556.5998436,591.0631933,648.0187992,713.8998154,874.6850181,1112.035965,1282.509308,1350.594658,1392.006478,1519.103278,1790.787524,2114.12364,2278.155251,2155.792151,1890.548685,1791.290724,1756.717875,1825.32877,1956.218692,2072.139273,2180.513434,2288.944949,2662.344398,2963.133703,3202.435825,3433.263559,3656.011554,3963.039854,4259.457889,4241.986077,4024.5695,4109.420593,3983.732844,3721.098655,3696.92792,4000.61164,4491.3275,5189.827061,6078.05265,7031.041165,7204.450765,8005.264969,8845.053672,9770.511833,10179.73754,10066.69936,9225.15621,8474.275371,8346.722784,8670.937696,8769.074658,7615.677487
Timor-Leste,TLS,"GNI per capita, Atlas method (current US$)",NY.GNP.PCAP.CD,,,,,,,,,,,,,,,,,,,,,,,,,,,,,,,,,,,,,,,,,,,750,670,780,930,1310,1840,2970,2330,2850,3710,3630,3200,2690,2200,1750,1780,1800,2020,1830
Middle East & North Africa (IDA & IBRD countries),TMN,"GNI per capita, Atlas method (current US$)",NY.GNP.PCAP.CD,,,,,,,,,,,,,,,,,,,,,,,,,,,,,,,,,,,,1152.371693,1310.682645,1420.508689,1470.805397,1517.577561,1596.107911,1640.558612,1612.532811,1665.64452,1886.026638,2133.350684,2429.977728,2851.447707,3374.889142,3694.842502,4013.401963,4109.676193,4597.426158,4759.808634,4625.763455,4167.122833,4086.224827,3851.784979,3655.030051,3514.731371,3154.762365
Tonga,TON,"GNI per capita, Atlas method (current US$)",NY.GNP.PCAP.CD,,,,,,,,,,,,,,,,,,,,,,,,690,690,720,770,870,1070,1160,1220,1350,1450,1530,1820,2090,2370,2340,2240,2170,2080,2030,2000,2000,2160,2410,2720,2900,3270,3180,3370,3810,4320,4540,4600,4440,4410,4590,4800,5000,
South Asia (IDA & IBRD),TSA,"GNI per capita, Atlas method (current US$)",NY.GNP.PCAP.CD,,,86.67047607,93.94381913,104.557806,109.3369254,105.3871909,106.5784504,103.9898574,111.3513662,117.9773509,121.9108025,125.7766012,141.9911037,164.5321073,187.6641215,181.741679,184.7031729,203.5334976,222.2445949,267.0383044,293.2119375,287.2702426,281.2284213,279.3341412,288.9465511,308.49671,343.5494876,381.4923385,378.9012241,375.4349662,347.971187,349.7009228,335.4148507,349.2887208,374.6816415,406.1583854,414.1460722,415.4553542,435.8322579,445.1202017,454.6663114,461.4257826,513.937068,599.6663068,688.3269944,762.1388054,871.0159769,949.1960289,1053.020394,1147.131888,1277.136126,1390.227472,1437.195866,1480.772048,1525.851613,1603.4678,1733.82187,1904.508456,1996.42412,1820.600301
Sub-Saharan Africa (IDA & IBRD countries),TSS,"GNI per capita, Atlas method (current US$)",NY.GNP.PCAP.CD,,,117.1910091,123.9153124,129.7903254,137.2765055,142.521906,146.1985756,152.5892887,165.3627851,186.0763672,198.3210546,211.5277379,244.9174617,320.4428755,374.2260207,401.2723591,412.7416228,434.275508,508.2752306,606.556672,697.9558757,732.9051181,721.4249851,633.8904089,572.0108666,549.7086595,587.4697389,637.424248,623.641962,609.519616,617.9846692,623.3440709,588.9853776,563.3222057,576.4564739,594.625056,609.7336908,575.1886817,564.0879106,557.5144243,551.4884194,560.4226174,610.6400222,741.2916962,905.0163263,1050.380964,1182.131898,1333.572058,1380.384709,1453.433185,1530.199011,1671.702988,1756.155032,1805.631238,1716.167011,1569.653924,1489.398187,1517.717617,1560.139441,1478.569623
Trinidad and Tobago,TTO,"GNI per capita, Atlas method (current US$)",NY.GNP.PCAP.CD,,,640,750,800,820,760,770,790,810,830,870,1000,1200,1500,2170,2530,2810,3360,3940,5140,6060,6710,6120,6030,5900,5090,4280,3930,3630,3710,3890,4420,4080,3880,3970,4230,4500,4620,4890,5400,6070,6760,8070,9700,11190,13280,15000,17350,16200,16460,14970,16840,18750,18560,18910,16880,15980,15990,16580,15410
Tunisia,TUN,"GNI per capita, Atlas method (current US$)",NY.GNP.PCAP.CD,,,,,,,,220,250,260,270,310,400,460,610,760,810,850,940,1130,1360,1420,1280,1180,1160,1150,1140,1270,1330,1290,1410,1460,1680,1660,1710,1790,1970,2120,2150,2260,2270,2240,2180,2450,2900,3160,3330,3540,3860,4070,4130,3990,4100,4160,4160,3960,3760,3520,3500,3340,3100
Turkey,TUR,"GNI per capita, Atlas method (current US$)",NY.GNP.PCAP.CD,,,,,,,,470,520,560,560,530,560,640,860,1110,1310,1410,1530,1820,1860,1860,1570,1400,1310,1310,1450,1740,1860,1920,2310,2590,2940,3140,2680,2850,2920,3190,3440,3590,4320,3580,3590,3950,5270,6820,7880,8950,9850,9640,10490,11310,11960,12600,12630,12030,11260,10970,10510,9690,9050
Tuvalu,TUV,"GNI per capita, Atlas method (current US$)",NY.GNP.PCAP.CD,,,,,,,,,,,,,,,,,,,,,,,,,,,,,,,,,,,,,,,,,,2710,3310,2490,3240,3630,3780,4500,4660,4830,4400,4730,4430,5560,4670,5440,5060,4810,5440,5620,5820
Tanzania,TZA,"GNI per capita, Atlas method (current US$)",NY.GNP.PCAP.CD,,,,,,,,,,,,,,,,,,,,,,,,,,,,,,,200,190,180,170,160,170,190,220,270,330,410,410,420,430,470,500,520,540,600,670,720,770,810,890,970,980,970,970,1030,1100,1080
Uganda,UGA,"GNI per capita, Atlas method (current US$)",NY.GNP.PCAP.CD,,,,,,,,,,,,,,,,,,,,,,,,,180,200,250,310,400,400,320,250,190,180,180,230,280,300,290,290,270,250,250,260,280,310,350,390,430,550,680,850,830,800,820,830,790,740,750,780,800
Ukraine,UKR,"GNI per capita, Atlas method (current US$)",NY.GNP.PCAP.CD,,,,,,,,,,,,,,,,,,,,,,,,,,,,,,1620,1610,2280,2090,1820,990,920,860,890,850,760,700,730,790,980,1270,1540,1950,2590,3210,2840,2980,3110,3500,3800,3560,2650,2310,2380,2800,3370,3540
Upper middle income,UMC,"GNI per capita, Atlas method (current US$)",NY.GNP.PCAP.CD,,,,,,,248.5255653,246.1961376,254.8766672,278.6431043,302.3916232,321.1340291,347.6824737,423.8434441,522.6722143,613.6492344,626.8848183,650.6228149,698.0843913,810.1923449,930.7582058,984.4271505,937.4860918,856.0180933,857.5961605,876.4328481,924.7296554,1008.308801,1082.685391,1130.561884,1229.739796,1293.214883,1378.30664,1449.353158,1511.583918,1612.392406,1761.094491,1888.648759,1852.375159,1814.390555,1899.13513,1898.764331,1931.706173,2097.949575,2453.368094,2885.387109,3393.509029,4058.436457,4847.030985,5215.678366,5875.359644,6599.365916,7574.6182,8327.563851,8676.06983,8477.959388,8277.407356,8457.33517,9116.786848,9677.112072,9425.530046
Uruguay,URY,"GNI per capita, Atlas method (current US$)",NY.GNP.PCAP.CD,,,580,610,660,680,720,640,610,670,820,850,870,1060,1370,1620,1490,1420,1630,2150,2870,3650,3290,2190,1740,1510,1780,2210,2600,2730,2840,3180,3830,4350,5040,5530,6160,6970,7240,7260,7060,6500,5140,4250,4130,4720,5390,6390,7710,8810,10440,12060,13330,15330,15790,15620,15440,15920,17270,17740,15830
United States,USA,"GNI per capita, Atlas method (current US$)",NY.GNP.PCAP.CD,,,3280,3410,3610,3880,4190,4370,4740,5070,5230,5620,6280,7290,7980,8510,8960,9590,10760,12200,13380,14360,14220,14570,16210,17460,19110,21390,23490,23770,24060,24270,25680,26390,27650,29040,30270,31270,32030,33670,35960,36710,37320,39770,43510,46190,47870,48500,48980,47740,48990,50580,52760,53930,55840,56740,57270,59460,63510,65910,
Uzbekistan,UZB,"GNI per capita, Atlas method (current US$)",NY.GNP.PCAP.CD,,,,,,,,,,,,,,,,,,,,,,,,,,,,,,,,,600,590,570,580,600,610,620,650,630,560,450,420,460,530,610,770,980,1150,1390,1670,2040,2300,2470,2600,2650,2350,2020,1800,1670
St. Vincent and the Grenadines,VCT,"GNI per capita, Atlas method (current US$)",NY.GNP.PCAP.CD,,,180,160,170,180,180,170,190,190,210,220,300,310,340,370,390,460,560,710,830,960,1030,1090,1200,1330,1450,1660,1950,2030,2150,2200,2480,2710,2660,2890,3000,3070,3190,3310,3470,3650,3950,4380,4730,4960,5470,5910,6260,6320,6090,6130,6400,6550,6390,6560,6800,6990,7400,7460,7340
"Venezuela, RB",VEN,"GNI per capita, Atlas method (current US$)",NY.GNP.PCAP.CD,,,960,990,950,890,820,840,900,910,980,1010,1120,1340,1720,2140,2470,2600,2790,3180,3610,4100,4050,3780,3640,3520,3610,3350,3400,2560,2670,2690,2870,2850,2740,3040,3100,3470,3420,3570,4120,4600,3990,3490,4110,4980,6130,7630,9400,10380,11810,11980,12710,11970,13080,,,,,,
British Virgin Islands,VGB,"GNI per capita, Atlas method (current US$)",NY.GNP.PCAP.CD,,,,,,,,,,,,,,,,,,,,,,,,,,,,,,,,,,,,,,,,,,,,,,,,,,,,,,,,,,,,,
Virgin Islands (U.S.),VIR,"GNI per capita, Atlas method (current US$)",NY.GNP.PCAP.CD,,,,,,,,,,,,,,,,,,,,,,,,,,,,,,,,,,,,,,,,,,,,,,,,,,,,,,,,,,,,,
Vietnam,VNM,"GNI per capita, Atlas method (current US$)",NY.GNP.PCAP.CD,,,,,,,,,,,,,,,,,,,,,,,,,,,,,,210,130,110,130,160,190,250,300,330,340,360,410,430,450,500,580,630,720,840,980,1010,1250,1370,1540,1720,1880,1970,2080,2130,2380,2590,2660
Vanuatu,VUT,"GNI per capita, Atlas method (current US$)",NY.GNP.PCAP.CD,,,,,,,,,,,,,,,,,,,,,,940,840,800,900,930,980,890,990,1110,1240,1120,1150,1150,1210,1240,1330,1390,1450,1430,1430,1370,1230,1360,1590,1780,1990,2100,2460,2530,2600,2800,2830,3000,2970,2780,2750,2860,3110,3360,2780
World,WLD,"GNI per capita, Atlas method (current US$)",NY.GNP.PCAP.CD,,,480.3928176,507.2020383,543.3934127,584.9826057,627.4373603,654.512844,702.5451218,758.2363431,799.8130839,861.4804753,970.115746,1172.944403,1373.34058,1540.065558,1619.114032,1716.552818,1926.716642,2279.21989,2611.90822,2715.737475,2585.984911,2452.447234,2495.381185,2576.152255,2845.697846,3320.796699,3920.035675,4064.645177,4215.354977,4349.445097,4664.723595,4746.73126,4941.61771,5240.474679,5494.991455,5541.25645,5306.569773,5312.407011,5498.259746,5475.867455,5432.843998,5830.299041,6643.673488,7359.959206,7854.052629,8371.664434,8963.115892,8994.713875,9425.689402,9913.070539,10506.68298,10886.13997,11007.64975,10672.38798,10414.61948,10492.25101,11161.61379,11553.38534,
Samoa,WSM,"GNI per capita, Atlas method (current US$)",NY.GNP.PCAP.CD,,,,,,,,,,,,,,,,,,,,,,,,,510,480,500,530,550,580,570,540,,,,,,,,,,,1520,1660,1990,2320,2560,2850,3060,3030,3240,3520,3660,3800,3820,3960,4110,4070,4030,4200,4070
Kosovo,XKX,"GNI per capita, Atlas method (current US$)",NY.GNP.PCAP.CD,,,,,,,,,,,,,,,,,,,,,,,,,,,,,,,,,,,,,,,,,,,,,1940,2270,2470,2690,3070,3290,3420,3640,3780,3960,4020,4010,3970,3960,4340,4690,4440
"Yemen, Rep.",YEM,"GNI per capita, Atlas method (current US$)",NY.GNP.PCAP.CD,,,,,,,,,,,,,,,,,,,,,,,,,,,,,,,,,510,460,380,320,300,330,370,380,430,480,520,550,610,700,810,890,1010,1100,1200,1080,1260,1440,1460,1200,1150,1070,940,,
South Africa,ZAF,"GNI per capita, Atlas method (current US$)",NY.GNP.PCAP.CD,,,460,490,520,560,590,650,690,740,800,870,920,1110,1400,1610,1560,1500,1610,1940,2500,2880,2770,2520,2460,2130,1990,2210,2670,2830,2860,3000,3250,3380,3510,3640,3660,3600,3230,3130,3070,2860,2670,2920,3720,4990,5630,5910,5980,5850,6190,6990,7570,7350,6760,6050,5470,5410,5750,6040,5410
Zambia,ZMB,"GNI per capita, Atlas method (current US$)",NY.GNP.PCAP.CD,,,190,190,210,270,280,330,370,410,450,440,440,450,580,590,570,500,490,510,610,690,610,500,420,340,250,260,330,400,430,390,360,380,350,380,400,400,360,350,330,350,360,410,460,560,720,900,1180,1280,1340,1420,1690,1760,1800,1580,1370,1300,1440,1430,1190
Zimbabwe,ZWE,"GNI per capita, Atlas method (current US$)",NY.GNP.PCAP.CD,,,270,270,260,280,280,300,300,340,400,410,450,530,670,730,710,650,650,730,900,1060,1040,960,830,740,690,700,810,840,860,850,700,640,630,620,690,700,620,570,510,540,490,440,450,460,440,420,330,420,630,920,1110,1210,1260,1280,1290,1390,1410,1200,1090
